Date,Ptot_HA,Ptot_HA_Forecast
2026-03-22 00:00:00,39174.0,41162.0
2026-03-22 00:10:00,38654.0,41068.0
2026-03-22 00:20:00,40359.0,41161.0
2026-03-22 00:30:00,40355.0,40538.0
2026-03-22 00:40:00,39663.0,40875.0
2026-03-22 00:50:00,38554.0,40930.0
2026-03-22 01:00:00,39462.0,40955.0
2026-03-22 01:10:00,40501.0,40757.0
2026-03-22 01:20:00,39850.0,41029.0
2026-03-22 01:30:00,38171.0,41003.0
2026-03-22 01:40:00,38817.0,41238.0
2026-03-22 01:50:00,41434.0,41234.0
2026-03-22 02:00:00,40007.0,40859.0
2026-03-22 02:10:00,39358.0,40973.0
2026-03-22 02:20:00,38901.0,41182.0
2026-03-22 02:30:00,39871.0,41433.0
2026-03-22 02:40:00,39710.0,41094.0
2026-03-22 02:50:00,41548.0,41776.0
2026-03-22 03:00:00,38626.0,42063.0
2026-03-22 03:10:00,39744.0,41989.0
2026-03-22 03:20:00,40691.0,42122.0
2026-03-22 03:30:00,39942.0,42768.0
2026-03-22 03:40:00,39265.0,42094.0
2026-03-22 03:50:00,40213.0,41898.0
2026-03-22 04:00:00,40372.0,41901.0
2026-03-22 04:10:00,40309.0,41309.0
2026-03-22 04:20:00,39810.0,41575.0
2026-03-22 04:30:00,40052.0,41450.0
2026-03-22 04:40:00,40558.0,41429.0
2026-03-22 04:50:00,40330.0,41222.0
2026-03-22 05:00:00,39885.0,41972.0
2026-03-22 05:10:00,38674.0,41938.0
2026-03-22 05:20:00,39338.0,42046.0
2026-03-22 05:30:00,40303.0,42569.0
2026-03-22 05:40:00,39440.0,42968.0
2026-03-22 05:50:00,39760.0,43195.0
2026-03-22 06:00:00,39181.0,42576.0
2026-03-22 06:10:00,40751.0,42034.0
2026-03-22 06:20:00,39119.0,43290.0
2026-03-22 06:30:00,39548.0,42532.0
2026-03-22 06:40:00,38699.0,42250.0
2026-03-22 06:50:00,39290.0,42994.0
2026-03-22 07:00:00,39272.0,41721.0
2026-03-22 07:10:00,40521.0,42788.0
2026-03-22 07:20:00,39488.0,42504.0
2026-03-22 07:30:00,39783.0,42873.0
2026-03-22 07:40:00,40497.0,43796.0
2026-03-22 07:50:00,39838.0,44328.0
2026-03-22 08:00:00,40250.0,45239.0
2026-03-22 08:10:00,40297.0,44505.0
2026-03-22 08:20:00,39544.0,43825.0
2026-03-22 08:30:00,40339.0,45161.0
2026-03-22 08:40:00,40479.0,45212.0
2026-03-22 08:50:00,38609.0,45873.0
2026-03-22 09:00:00,38959.0,45587.0
2026-03-22 09:10:00,39463.0,45177.0
2026-03-22 09:20:00,37194.0,44504.0
2026-03-22 09:30:00,39336.0,44700.0
2026-03-22 09:40:00,38686.0,44113.0
2026-03-22 09:50:00,37007.0,44247.0
2026-03-22 10:00:00,36109.0,44404.0
2026-03-22 10:10:00,37630.0,46213.0
2026-03-22 10:20:00,36755.0,45685.0
2026-03-22 10:30:00,35413.0,44721.0
2026-03-22 10:40:00,33706.0,44983.0
2026-03-22 10:50:00,32280.0,45372.0
2026-03-22 11:00:00,30691.0,45146.0
2026-03-22 11:10:00,29769.0,44022.0
2026-03-22 11:20:00,28790.0,42605.0
2026-03-22 11:30:00,26940.0,41719.0
2026-03-22 11:40:00,28957.0,41509.0
2026-03-22 11:50:00,27353.0,41151.0
2026-03-22 12:00:00,28258.0,40880.0
2026-03-22 12:10:00,27186.0,41144.0
2026-03-22 12:20:00,27599.0,41350.0
2026-03-22 12:30:00,28234.0,41204.0
2026-03-22 12:40:00,27680.0,41816.0
2026-03-22 12:50:00,27383.0,41789.0
2026-03-22 13:00:00,27818.0,42699.0
2026-03-22 13:10:00,28979.0,42487.0
2026-03-22 13:20:00,28401.0,42375.0
2026-03-22 13:30:00,29748.0,42478.0
2026-03-22 13:40:00,27160.0,42816.0
2026-03-22 13:50:00,29639.0,43477.0
2026-03-22 14:00:00,29702.0,43295.0
2026-03-22 14:10:00,30212.0,43816.0
2026-03-22 14:20:00,29426.0,44023.0
2026-03-22 14:30:00,31434.0,44106.0
2026-03-22 14:40:00,31331.0,44113.0
2026-03-22 14:50:00,31799.0,44486.0
2026-03-22 15:00:00,32008.0,45188.0
2026-03-22 15:10:00,31233.0,45068.0
2026-03-22 15:20:00,33547.0,46667.0
2026-03-22 15:30:00,33217.0,47283.0
2026-03-22 15:40:00,31765.0,47492.0
2026-03-22 15:50:00,33085.0,48001.0
2026-03-22 16:00:00,33883.0,47405.0
2026-03-22 16:10:00,34802.0,46707.0
2026-03-22 16:20:00,34222.0,47005.0
2026-03-22 16:30:00,34464.0,47002.0
2026-03-22 16:40:00,36329.0,46959.0
2026-03-22 16:50:00,38212.0,46774.0
2026-03-22 17:00:00,38340.0,46314.0
2026-03-22 17:10:00,39457.0,46018.0
2026-03-22 17:20:00,38825.0,45789.0
2026-03-22 17:30:00,39730.0,44692.0
2026-03-22 17:40:00,39091.0,44541.0
2026-03-22 17:50:00,40311.0,44457.0
2026-03-22 18:00:00,38692.0,43471.0
2026-03-22 18:10:00,40647.0,43359.0
2026-03-22 18:20:00,40757.0,42145.0
2026-03-22 18:30:00,40326.0,42372.0
2026-03-22 18:40:00,38595.0,43113.0
2026-03-22 18:50:00,40046.0,42898.0
2026-03-22 19:00:00,40201.0,42704.0
2026-03-22 19:10:00,40891.0,43135.0
2026-03-22 19:20:00,40152.0,43405.0
2026-03-22 19:30:00,38014.0,43200.0
2026-03-22 19:40:00,40557.0,43451.0
2026-03-22 19:50:00,39437.0,43343.0
2026-03-22 20:00:00,40268.0,43806.0
2026-03-22 20:10:00,38105.0,43882.0
2026-03-22 20:20:00,39782.0,44114.0
2026-03-22 20:30:00,40404.0,43824.0
2026-03-22 20:40:00,40568.0,44101.0
2026-03-22 20:50:00,39441.0,43890.0
2026-03-22 21:00:00,39813.0,44135.0
2026-03-22 21:10:00,40129.0,44061.0
2026-03-22 21:20:00,40261.0,43802.0
2026-03-22 21:30:00,39204.0,43011.0
2026-03-22 21:40:00,40747.0,42946.0
2026-03-22 21:50:00,39966.0,42524.0
2026-03-22 22:00:00,39809.0,42316.0
2026-03-22 22:10:00,39094.0,42462.0
2026-03-22 22:20:00,38374.0,42233.0
2026-03-22 22:30:00,39672.0,42439.0
2026-03-22 22:40:00,39789.0,42039.0
2026-03-22 22:50:00,39439.0,42356.0
2026-03-22 23:00:00,38960.0,41145.0
2026-03-22 23:10:00,39523.0,40417.0
2026-03-22 23:20:00,40858.0,40556.0
2026-03-22 23:30:00,40523.0,41053.0
2026-03-22 23:40:00,38611.0,40928.0
2026-03-22 23:50:00,38986.0,40904.0
2026-03-23 00:00:00,40691.0,40902.0
2026-03-23 00:10:00,40952.0,40523.0
2026-03-23 00:20:00,39166.0,41643.0
2026-03-23 00:30:00,38911.0,41307.0
2026-03-23 00:40:00,40051.0,40888.0
2026-03-23 00:50:00,39881.0,40911.0
2026-03-23 01:00:00,39096.0,41432.0
2026-03-23 01:10:00,38200.0,42150.0
2026-03-23 01:20:00,39695.0,41773.0
2026-03-23 01:30:00,40159.0,41649.0
2026-03-23 01:40:00,39685.0,42260.0
2026-03-23 01:50:00,37953.0,43013.0
2026-03-23 02:00:00,42084.0,43198.0
2026-03-23 02:10:00,41622.0,43072.0
2026-03-23 02:20:00,40475.0,43544.0
2026-03-23 02:30:00,40404.0,43643.0
2026-03-23 02:40:00,41986.0,43540.0
2026-03-23 02:50:00,43105.0,44376.0
2026-03-23 03:00:00,41124.0,43994.0
2026-03-23 03:10:00,40538.0,44463.0
2026-03-23 03:20:00,40202.0,44270.0
2026-03-23 03:30:00,43018.0,45095.0
2026-03-23 03:40:00,46152.0,48126.0
2026-03-23 03:50:00,46131.0,51857.0
2026-03-23 04:00:00,50258.0,56479.0
2026-03-23 04:10:00,59787.0,59519.0
2026-03-23 04:20:00,59366.0,60314.0
2026-03-23 04:30:00,61945.0,61818.0
2026-03-23 04:40:00,59818.0,64215.0
2026-03-23 04:50:00,63375.0,66691.0
2026-03-23 05:00:00,65588.0,68802.0
2026-03-23 05:10:00,64163.0,69337.0
2026-03-23 05:20:00,64168.0,70624.0
2026-03-23 05:30:00,65100.0,71803.0
2026-03-23 05:40:00,65026.0,73333.0
2026-03-23 05:50:00,65904.0,74572.0
2026-03-23 06:00:00,68867.0,76175.0
2026-03-23 06:10:00,70508.0,77666.0
2026-03-23 06:20:00,73371.0,78032.0
2026-03-23 06:30:00,88647.0,77400.0
2026-03-23 06:40:00,91737.0,79753.0
2026-03-23 06:50:00,103085.0,88468.0
2026-03-23 07:00:00,110539.0,91564.0
2026-03-23 07:10:00,117371.0,97141.0
2026-03-23 07:20:00,122926.0,100758.0
2026-03-23 07:30:00,123934.0,104504.0
2026-03-23 07:40:00,128821.0,107964.0
2026-03-23 07:50:00,135465.0,109808.0
2026-03-23 08:00:00,132298.0,113125.0
2026-03-23 08:10:00,127888.0,112279.0
2026-03-23 08:20:00,129088.0,113811.0
2026-03-23 08:30:00,127260.0,119683.0
2026-03-23 08:40:00,129526.0,120953.0
2026-03-23 08:50:00,128889.0,123341.0
2026-03-23 09:00:00,125871.0,122378.0
2026-03-23 09:10:00,137941.0,120468.0
2026-03-23 09:20:00,141884.0,117194.0
2026-03-23 09:30:00,135923.0,117971.0
2026-03-23 09:40:00,120375.0,116397.0
2026-03-23 09:50:00,118522.0,115604.0
2026-03-23 10:00:00,118531.0,115476.0
2026-03-23 10:10:00,119061.0,118207.0
2026-03-23 10:20:00,115365.0,117544.0
2026-03-23 10:30:00,114643.0,115809.0
2026-03-23 10:40:00,117884.0,115740.0
2026-03-23 10:50:00,113871.0,111587.0
2026-03-23 11:00:00,118311.0,107547.0
2026-03-23 11:10:00,119079.0,106415.0
2026-03-23 11:20:00,106567.0,103776.0
2026-03-23 11:30:00,106788.0,98849.0
2026-03-23 11:40:00,99783.0,100016.0
2026-03-23 11:50:00,95779.0,100342.0
2026-03-23 12:00:00,94629.0,100022.0
2026-03-23 12:10:00,97933.0,100438.0
2026-03-23 12:20:00,92714.0,98965.0
2026-03-23 12:30:00,94924.0,100633.0
2026-03-23 12:40:00,91532.0,100716.0
2026-03-23 12:50:00,97717.0,101552.0
2026-03-23 13:00:00,100149.0,103524.0
2026-03-23 13:10:00,104534.0,103987.0
2026-03-23 13:20:00,102572.0,103165.0
2026-03-23 13:30:00,102094.0,104376.0
2026-03-23 13:40:00,98665.0,102023.0
2026-03-23 13:50:00,99849.0,103555.0
2026-03-23 14:00:00,103551.0,103459.0
2026-03-23 14:10:00,106594.0,104838.0
2026-03-23 14:20:00,101642.0,103089.0
2026-03-23 14:30:00,100208.0,105173.0
2026-03-23 14:40:00,101366.0,104752.0
2026-03-23 14:50:00,101858.0,104400.0
2026-03-23 15:00:00,103907.0,103198.0
2026-03-23 15:10:00,103002.0,100499.0
2026-03-23 15:20:00,104916.0,99325.0
2026-03-23 15:30:00,102276.0,97557.0
2026-03-23 15:40:00,96941.0,94248.0
2026-03-23 15:50:00,97026.0,93090.0
2026-03-23 16:00:00,94843.0,94044.0
2026-03-23 16:10:00,89494.0,91785.0
2026-03-23 16:20:00,90734.0,88778.0
2026-03-23 16:30:00,92581.0,86856.0
2026-03-23 16:40:00,93649.0,86574.0
2026-03-23 16:50:00,93804.0,87950.0
2026-03-23 17:00:00,99374.0,88479.0
2026-03-23 17:10:00,96445.0,89142.0
2026-03-23 17:20:00,95370.0,87785.0
2026-03-23 17:30:00,92105.0,88690.0
2026-03-23 17:40:00,92750.0,85117.0
2026-03-23 17:50:00,92596.0,85494.0
2026-03-23 18:00:00,86906.0,81173.0
2026-03-23 18:10:00,84516.0,81971.0
2026-03-23 18:20:00,82486.0,81559.0
2026-03-23 18:30:00,79200.0,78181.0
2026-03-23 18:40:00,77933.0,75178.0
2026-03-23 18:50:00,75879.0,70872.0
2026-03-23 19:00:00,72266.0,66170.0
2026-03-23 19:10:00,68585.0,63420.0
2026-03-23 19:20:00,67458.0,61880.0
2026-03-23 19:30:00,68412.0,58898.0
2026-03-23 19:40:00,65119.0,57302.0
2026-03-23 19:50:00,66121.0,55903.0
2026-03-23 20:00:00,62573.0,54403.0
2026-03-23 20:10:00,62851.0,52027.0
2026-03-23 20:20:00,61694.0,49201.0
2026-03-23 20:30:00,60940.0,48006.0
2026-03-23 20:40:00,53405.0,47144.0
2026-03-23 20:50:00,50818.0,46098.0
2026-03-23 21:00:00,47669.0,45725.0
2026-03-23 21:10:00,46787.0,44968.0
2026-03-23 21:20:00,46286.0,45052.0
2026-03-23 21:30:00,44464.0,45367.0
2026-03-23 21:40:00,45986.0,45182.0
2026-03-23 21:50:00,45697.0,44007.0
2026-03-23 22:00:00,42489.0,43357.0
2026-03-23 22:10:00,42471.0,42585.0
2026-03-23 22:20:00,44231.0,41793.0
2026-03-23 22:30:00,44654.0,41410.0
2026-03-23 22:40:00,41831.0,40574.0
2026-03-23 22:50:00,42841.0,39667.0
2026-03-23 23:00:00,42886.0,40771.0
2026-03-23 23:10:00,43893.0,40720.0
2026-03-23 23:20:00,42389.0,41283.0
2026-03-23 23:30:00,42149.0,41768.0
2026-03-23 23:40:00,42748.0,41003.0
2026-03-23 23:50:00,45036.0,41137.0
2026-03-24 00:00:00,42795.0,41784.0
2026-03-24 00:10:00,44167.0,41690.0
2026-03-24 00:20:00,43147.0,41354.0
2026-03-24 00:30:00,44421.0,41422.0
2026-03-24 00:40:00,42666.0,41838.0
2026-03-24 00:50:00,43051.0,41782.0
2026-03-24 01:00:00,41967.0,41826.0
2026-03-24 01:10:00,43529.0,41975.0
2026-03-24 01:20:00,42639.0,42331.0
2026-03-24 01:30:00,42670.0,42150.0
2026-03-24 01:40:00,42954.0,42405.0
2026-03-24 01:50:00,44199.0,42775.0
2026-03-24 02:00:00,43494.0,43068.0
2026-03-24 02:10:00,42446.0,43033.0
2026-03-24 02:20:00,42989.0,43016.0
2026-03-24 02:30:00,43506.0,43572.0
2026-03-24 02:40:00,44043.0,43497.0
2026-03-24 02:50:00,44261.0,44858.0
2026-03-24 03:00:00,45615.0,44339.0
2026-03-24 03:10:00,45987.0,44714.0
2026-03-24 03:20:00,47460.0,45302.0
2026-03-24 03:30:00,47005.0,46841.0
2026-03-24 03:40:00,50206.0,47975.0
2026-03-24 03:50:00,49655.0,49827.0
2026-03-24 04:00:00,56391.0,52720.0
2026-03-24 04:10:00,61915.0,57693.0
2026-03-24 04:20:00,61415.0,58407.0
2026-03-24 04:30:00,63936.0,60846.0
2026-03-24 04:40:00,65027.0,61752.0
2026-03-24 04:50:00,68658.0,64653.0
2026-03-24 05:00:00,68279.0,67150.0
2026-03-24 05:10:00,70686.0,68142.0
2026-03-24 05:20:00,68944.0,69445.0
2026-03-24 05:30:00,67673.0,71194.0
2026-03-24 05:40:00,69779.0,72115.0
2026-03-24 05:50:00,70575.0,73895.0
2026-03-24 06:00:00,74047.0,78194.0
2026-03-24 06:10:00,79815.0,82118.0
2026-03-24 06:20:00,81925.0,83330.0
2026-03-24 06:30:00,83803.0,91034.0
2026-03-24 06:40:00,92712.0,93828.0
2026-03-24 06:50:00,104861.0,100760.0
2026-03-24 07:00:00,108212.0,103056.0
2026-03-24 07:10:00,107518.0,106906.0
2026-03-24 07:20:00,113106.0,109846.0
2026-03-24 07:30:00,119551.0,112702.0
2026-03-24 07:40:00,116484.0,117951.0
2026-03-24 07:50:00,125178.0,122430.0
2026-03-24 08:00:00,131318.0,123820.0
2026-03-24 08:10:00,140008.0,122220.0
2026-03-24 08:20:00,136893.0,124499.0
2026-03-24 08:30:00,151545.0,128382.0
2026-03-24 08:40:00,154041.0,131403.0
2026-03-24 08:50:00,146944.0,134097.0
2026-03-24 09:00:00,156803.0,133773.0
2026-03-24 09:10:00,153556.0,134019.0
2026-03-24 09:20:00,149134.0,133420.0
2026-03-24 09:30:00,149350.0,130852.0
2026-03-24 09:40:00,143139.0,125036.0
2026-03-24 09:50:00,141237.0,125922.0
2026-03-24 10:00:00,139403.0,128977.0
2026-03-24 10:10:00,148216.0,128543.0
2026-03-24 10:20:00,138578.0,127217.0
2026-03-24 10:30:00,145690.0,125609.0
2026-03-24 10:40:00,134616.0,126655.0
2026-03-24 10:50:00,129365.0,128762.0
2026-03-24 11:00:00,131597.0,125658.0
2026-03-24 11:10:00,134798.0,121627.0
2026-03-24 11:20:00,135931.0,113971.0
2026-03-24 11:30:00,131584.0,111621.0
2026-03-24 11:40:00,133439.0,108710.0
2026-03-24 11:50:00,124539.0,108795.0
2026-03-24 12:00:00,112477.0,108242.0
2026-03-24 12:10:00,114187.0,108452.0
2026-03-24 12:20:00,109930.0,110754.0
2026-03-24 12:30:00,105474.0,110556.0
2026-03-24 12:40:00,104768.0,109716.0
2026-03-24 12:50:00,106845.0,109839.0
2026-03-24 13:00:00,114690.0,111365.0
2026-03-24 13:10:00,113490.0,110313.0
2026-03-24 13:20:00,117861.0,110838.0
2026-03-24 13:30:00,118267.0,108161.0
2026-03-24 13:40:00,119924.0,108064.0
2026-03-24 13:50:00,122446.0,108282.0
2026-03-24 14:00:00,126604.0,108455.0
2026-03-24 14:10:00,125753.0,106050.0
2026-03-24 14:20:00,115598.0,106512.0
2026-03-24 14:30:00,118316.0,105698.0
2026-03-24 14:40:00,116817.0,106646.0
2026-03-24 14:50:00,116156.0,105774.0
2026-03-24 15:00:00,110040.0,104162.0
2026-03-24 15:10:00,115038.0,102822.0
2026-03-24 15:20:00,116009.0,100856.0
2026-03-24 15:30:00,111967.0,100039.0
2026-03-24 15:40:00,112515.0,98459.0
2026-03-24 15:50:00,114340.0,96938.0
2026-03-24 16:00:00,116262.0,94291.0
2026-03-24 16:10:00,112371.0,94086.0
2026-03-24 16:20:00,107435.0,94842.0
2026-03-24 16:30:00,104930.0,94429.0
2026-03-24 16:40:00,106288.0,95160.0
2026-03-24 16:50:00,103158.0,95641.0
2026-03-24 17:00:00,107322.0,97818.0
2026-03-24 17:10:00,104400.0,96344.0
2026-03-24 17:20:00,104439.0,95145.0
2026-03-24 17:30:00,104147.0,93070.0
2026-03-24 17:40:00,101120.0,93516.0
2026-03-24 17:50:00,98191.0,93582.0
2026-03-24 18:00:00,94628.0,89913.0
2026-03-24 18:10:00,88204.0,86509.0
2026-03-24 18:20:00,83323.0,84190.0
2026-03-24 18:30:00,81127.0,79722.0
2026-03-24 18:40:00,81435.0,76446.0
2026-03-24 18:50:00,78737.0,73012.0
2026-03-24 19:00:00,76712.0,69037.0
2026-03-24 19:10:00,72405.0,64988.0
2026-03-24 19:20:00,70218.0,63482.0
2026-03-24 19:30:00,69542.0,62757.0
2026-03-24 19:40:00,71166.0,59338.0
2026-03-24 19:50:00,71509.0,58521.0
2026-03-24 20:00:00,73038.0,55534.0
2026-03-24 20:10:00,72672.0,54658.0
2026-03-24 20:20:00,70675.0,53427.0
2026-03-24 20:30:00,60936.0,52347.0
2026-03-24 20:40:00,54731.0,49285.0
2026-03-24 20:50:00,52825.0,47738.0
2026-03-24 21:00:00,53326.0,47076.0
2026-03-24 21:10:00,53380.0,45773.0
2026-03-24 21:20:00,52488.0,44826.0
2026-03-24 21:30:00,48946.0,44702.0
2026-03-24 21:40:00,49664.0,44660.0
2026-03-24 21:50:00,51491.0,44243.0
2026-03-24 22:00:00,49840.0,43432.0
2026-03-24 22:10:00,49208.0,42092.0
2026-03-24 22:20:00,48476.0,42065.0
2026-03-24 22:30:00,50214.0,42175.0
2026-03-24 22:40:00,49945.0,41371.0
2026-03-24 22:50:00,47844.0,40421.0
2026-03-24 23:00:00,49230.0,40073.0
2026-03-24 23:10:00,48697.0,40125.0
2026-03-24 23:20:00,46784.0,40097.0
2026-03-24 23:30:00,45805.0,40314.0
2026-03-24 23:40:00,45184.0,40072.0
2026-03-24 23:50:00,46138.0,40450.0
2026-03-25 00:00:00,46943.0,40433.0
2026-03-25 00:10:00,45412.0,40676.0
2026-03-25 00:20:00,44633.0,40497.0
2026-03-25 00:30:00,46358.0,40601.0
2026-03-25 00:40:00,46326.0,40514.0
2026-03-25 00:50:00,44743.0,40594.0
2026-03-25 01:00:00,45356.0,40222.0
2026-03-25 01:10:00,45566.0,40706.0
2026-03-25 01:20:00,46689.0,40698.0
2026-03-25 01:30:00,44623.0,40553.0
2026-03-25 01:40:00,44179.0,40716.0
2026-03-25 01:50:00,45255.0,41169.0
2026-03-25 02:00:00,46723.0,41461.0
2026-03-25 02:10:00,44824.0,41182.0
2026-03-25 02:20:00,45151.0,41024.0
2026-03-25 02:30:00,44005.0,41608.0
2026-03-25 02:40:00,46893.0,41937.0
2026-03-25 02:50:00,48090.0,42781.0
2026-03-25 03:00:00,46714.0,42118.0
2026-03-25 03:10:00,48238.0,42565.0
2026-03-25 03:20:00,47786.0,43295.0
2026-03-25 03:30:00,50844.0,44492.0
2026-03-25 03:40:00,51266.0,46661.0
2026-03-25 03:50:00,51940.0,47423.0
2026-03-25 04:00:00,56288.0,52528.0
2026-03-25 04:10:00,61092.0,58024.0
2026-03-25 04:20:00,63227.0,58707.0
2026-03-25 04:30:00,63327.0,60418.0
2026-03-25 04:40:00,67058.0,61382.0
2026-03-25 04:50:00,72991.0,64982.0
2026-03-25 05:00:00,74576.0,67084.0
2026-03-25 05:10:00,72117.0,68911.0
2026-03-25 05:20:00,73658.0,69138.0
2026-03-25 05:30:00,74074.0,69965.0
2026-03-25 05:40:00,73338.0,71268.0
2026-03-25 05:50:00,72501.0,73078.0
2026-03-25 06:00:00,78618.0,76475.0
2026-03-25 06:10:00,77561.0,79837.0
2026-03-25 06:20:00,79407.0,81949.0
2026-03-25 06:30:00,81492.0,85721.0
2026-03-25 06:40:00,87280.0,90216.0
2026-03-25 06:50:00,99764.0,99110.0
2026-03-25 07:00:00,99110.0,103155.0
2026-03-25 07:10:00,103593.0,106907.0
2026-03-25 07:20:00,108351.0,110566.0
2026-03-25 07:30:00,112760.0,112827.0
2026-03-25 07:40:00,113018.0,115995.0
2026-03-25 07:50:00,113904.0,120640.0
2026-03-25 08:00:00,121966.0,121331.0
2026-03-25 08:10:00,120925.0,121855.0
2026-03-25 08:20:00,118493.0,119324.0
2026-03-25 08:30:00,127200.0,120647.0
2026-03-25 08:40:00,120723.0,124941.0
2026-03-25 08:50:00,120097.0,124997.0
2026-03-25 09:00:00,129447.0,124055.0
2026-03-25 09:10:00,122976.0,126020.0
2026-03-25 09:20:00,121144.0,123882.0
2026-03-25 09:30:00,126498.0,122846.0
2026-03-25 09:40:00,127676.0,115475.0
2026-03-25 09:50:00,132166.0,115124.0
2026-03-25 10:00:00,131185.0,114710.0
2026-03-25 10:10:00,131689.0,116481.0
2026-03-25 10:20:00,134856.0,112667.0
2026-03-25 10:30:00,135772.0,112072.0
2026-03-25 10:40:00,122804.0,110991.0
2026-03-25 10:50:00,133158.0,109338.0
2026-03-25 11:00:00,120020.0,109775.0
2026-03-25 11:10:00,125667.0,108745.0
2026-03-25 11:20:00,118442.0,103356.0
2026-03-25 11:30:00,108778.0,102469.0
2026-03-25 11:40:00,112951.0,103428.0
2026-03-25 11:50:00,114932.0,100225.0
2026-03-25 12:00:00,112772.0,99340.0
2026-03-25 12:10:00,111108.0,99677.0
2026-03-25 12:20:00,108890.0,98985.0
2026-03-25 12:30:00,111856.0,98488.0
2026-03-25 12:40:00,109618.0,97521.0
2026-03-25 12:50:00,114822.0,97773.0
2026-03-25 13:00:00,120081.0,98655.0
2026-03-25 13:10:00,117957.0,99041.0
2026-03-25 13:20:00,125043.0,99525.0
2026-03-25 13:30:00,123028.0,100558.0
2026-03-25 13:40:00,122869.0,99761.0
2026-03-25 13:50:00,123168.0,100626.0
2026-03-25 14:00:00,120456.0,101379.0
2026-03-25 14:10:00,119577.0,102463.0
2026-03-25 14:20:00,120770.0,100221.0
2026-03-25 14:30:00,113173.0,100690.0
2026-03-25 14:40:00,117682.0,100331.0
2026-03-25 14:50:00,120541.0,100555.0
2026-03-25 15:00:00,118560.0,100817.0
2026-03-25 15:10:00,115185.0,101623.0
2026-03-25 15:20:00,113560.0,101618.0
2026-03-25 15:30:00,110830.0,99504.0
2026-03-25 15:40:00,114349.0,99716.0
2026-03-25 15:50:00,114595.0,99300.0
2026-03-25 16:00:00,112489.0,98355.0
2026-03-25 16:10:00,106502.0,97183.0
2026-03-25 16:20:00,99163.0,94486.0
2026-03-25 16:30:00,101554.0,92424.0
2026-03-25 16:40:00,100884.0,92377.0
2026-03-25 16:50:00,108879.0,90935.0
2026-03-25 17:00:00,111321.0,91379.0
2026-03-25 17:10:00,111117.0,90248.0
2026-03-25 17:20:00,112265.0,89605.0
2026-03-25 17:30:00,112068.0,89449.0
2026-03-25 17:40:00,107556.0,89513.0
2026-03-25 17:50:00,103028.0,89034.0
2026-03-25 18:00:00,99897.0,84972.0
2026-03-25 18:10:00,96455.0,82665.0
2026-03-25 18:20:00,93552.0,80654.0
2026-03-25 18:30:00,87368.0,77225.0
2026-03-25 18:40:00,86082.0,75350.0
2026-03-25 18:50:00,86511.0,73178.0
2026-03-25 19:00:00,84603.0,70308.0
2026-03-25 19:10:00,75082.0,67914.0
2026-03-25 19:20:00,70588.0,65789.0
2026-03-25 19:30:00,67278.0,62851.0
2026-03-25 19:40:00,70562.0,61702.0
2026-03-25 19:50:00,67450.0,60726.0
2026-03-25 20:00:00,65891.0,59382.0
2026-03-25 20:10:00,64461.0,57454.0
2026-03-25 20:20:00,62552.0,55707.0
2026-03-25 20:30:00,63547.0,53144.0
2026-03-25 20:40:00,55572.0,50870.0
2026-03-25 20:50:00,50719.0,50039.0
2026-03-25 21:00:00,52708.0,48890.0
2026-03-25 21:10:00,53596.0,48610.0
2026-03-25 21:20:00,51930.0,47200.0
2026-03-25 21:30:00,49230.0,45146.0
2026-03-25 21:40:00,48835.0,45247.0
2026-03-25 21:50:00,49270.0,45028.0
2026-03-25 22:00:00,50144.0,44170.0
2026-03-25 22:10:00,48628.0,43259.0
2026-03-25 22:20:00,48648.0,42715.0
2026-03-25 22:30:00,49647.0,42797.0
2026-03-25 22:40:00,50144.0,42040.0
2026-03-25 22:50:00,49039.0,41023.0
2026-03-25 23:00:00,49483.0,
2026-03-25 23:10:00,49391.0,
2026-03-25 23:20:00,49481.0,
2026-03-25 23:30:00,47158.0,
2026-03-25 23:40:00,47415.0,
2026-03-25 23:50:00,45426.0,
2026-03-26 00:00:00,47029.0,
2026-03-26 00:10:00,46185.0,
2026-03-26 00:20:00,44155.0,
2026-03-26 00:30:00,42304.0,
2026-03-26 00:40:00,42704.0,
2026-03-26 00:50:00,43009.0,
2026-03-26 01:00:00,41367.0,
2026-03-26 01:10:00,40198.0,
2026-03-26 01:20:00,41624.0,
2026-03-26 01:30:00,42546.0,
2026-03-26 01:40:00,39884.0,
2026-03-26 01:50:00,39806.0,
2026-03-26 02:00:00,40914.0,
2026-03-26 02:10:00,41928.0,
2026-03-26 02:20:00,40174.0,
2026-03-26 02:30:00,39658.0,
2026-03-26 02:40:00,41096.0,
2026-03-26 02:50:00,40741.0,
2026-03-26 03:00:00,42199.0,
2026-03-26 03:10:00,41187.0,
2026-03-26 03:20:00,44040.0,
2026-03-26 03:30:00,46022.0,
2026-03-26 03:40:00,47439.0,
2026-03-26 03:50:00,47613.0,
2026-03-26 04:00:00,52535.0,
2026-03-26 04:10:00,61232.0,
2026-03-26 04:20:00,60708.0,
2026-03-26 04:30:00,56471.0,
2026-03-26 04:40:00,61074.0,
2026-03-26 04:50:00,65485.0,
2026-03-26 05:00:00,67513.0,
2026-03-26 05:10:00,66004.0,
2026-03-26 05:20:00,63429.0,
2026-03-26 05:30:00,66510.0,
2026-03-26 05:40:00,67279.0,
2026-03-26 05:50:00,66776.0,
2026-03-26 06:00:00,68307.0,
2026-03-26 06:10:00,71273.0,
2026-03-26 06:20:00,70897.0,
2026-03-26 06:30:00,73796.0,
2026-03-26 06:40:00,78348.0,
2026-03-26 06:50:00,104326.0,
2026-03-26 07:00:00,102632.0,
2026-03-26 07:10:00,105586.0,
2026-03-26 07:20:00,102365.0,
2026-03-26 07:30:00,107696.0,
2026-03-26 07:40:00,115055.0,
2026-03-26 07:50:00,111847.0,
2026-03-26 08:00:00,115796.0,
2026-03-26 08:10:00,118413.0,
2026-03-26 08:20:00,113776.0,
2026-03-26 08:30:00,118746.0,
2026-03-26 08:40:00,115746.0,
2026-03-26 08:50:00,114060.0,
2026-03-26 09:00:00,113130.0,
2026-03-26 09:10:00,125036.0,
2026-03-26 09:20:00,111068.0,
2026-03-26 09:30:00,117304.0,
2026-03-26 09:40:00,108538.0,
2026-03-26 09:50:00,110016.0,
2026-03-26 10:00:00,120793.0,
2026-03-26 10:10:00,127570.0,
2026-03-26 10:20:00,115267.0,
2026-03-26 10:30:00,111594.0,
2026-03-26 10:40:00,135151.0,
2026-03-26 10:50:00,129927.0,
2026-03-26 11:00:00,130699.0,
2026-03-26 11:10:00,123751.0,
2026-03-26 11:20:00,137398.0,
2026-03-26 11:30:00,127779.0,
2026-03-26 11:40:00,125079.0,
2026-03-26 11:50:00,126982.0,
2026-03-26 12:00:00,128917.0,
2026-03-26 12:10:00,124785.0,
2026-03-26 12:20:00,114657.0,
2026-03-26 12:30:00,122666.0,
2026-03-26 12:40:00,129027.0,
2026-03-26 12:50:00,129326.0,
2026-03-26 13:00:00,130126.0,
2026-03-26 13:10:00,126421.0,
2026-03-26 13:20:00,129734.0,
2026-03-26 13:30:00,131624.0,
2026-03-26 13:40:00,138019.0,
2026-03-26 13:50:00,125350.0,
2026-03-26 14:00:00,138508.0,
2026-03-26 14:10:00,145820.0,
2026-03-26 14:20:00,141767.0,
2026-03-26 14:30:00,135832.0,
2026-03-26 14:40:00,135225.0,
2026-03-26 14:50:00,123607.0,
2026-03-26 15:00:00,121888.0,
2026-03-26 15:10:00,115888.0,
2026-03-26 15:20:00,110053.0,
2026-03-26 15:30:00,116267.0,
2026-03-26 15:40:00,114179.0,
2026-03-26 15:50:00,107181.0,
2026-03-26 16:00:00,111587.0,
2026-03-26 16:10:00,103090.0,
2026-03-26 16:20:00,102347.0,
2026-03-26 16:30:00,108638.0,
2026-03-26 16:40:00,101907.0,
2026-03-26 16:50:00,96874.0,
2026-03-26 17:00:00,102348.0,
2026-03-26 17:10:00,103500.0,
2026-03-26 17:20:00,101584.0,
2026-03-26 17:30:00,98660.0,
2026-03-26 17:40:00,98625.0,
2026-03-26 17:50:00,98428.0,
2026-03-26 18:00:00,94426.0,
2026-03-26 18:10:00,90828.0,
2026-03-26 18:20:00,92785.0,
2026-03-26 18:30:00,88623.0,
2026-03-26 18:40:00,86610.0,
2026-03-26 18:50:00,85362.0,
2026-03-26 19:00:00,80732.0,
2026-03-26 19:10:00,80953.0,
2026-03-26 19:20:00,78871.0,
2026-03-26 19:30:00,77205.0,
2026-03-26 19:40:00,75329.0,
2026-03-26 19:50:00,71303.0,
2026-03-26 20:00:00,68659.0,
2026-03-26 20:10:00,63418.0,
2026-03-26 20:20:00,58621.0,
2026-03-26 20:30:00,58820.0,
2026-03-26 20:40:00,56526.0,
2026-03-26 20:50:00,56243.0,
2026-03-26 21:00:00,51417.0,
2026-03-26 21:10:00,52092.0,
2026-03-26 21:20:00,53132.0,
2026-03-26 21:30:00,46001.0,
2026-03-26 21:40:00,46653.0,
2026-03-26 21:50:00,44953.0,
2026-03-26 22:00:00,45381.0,
2026-03-26 22:10:00,45639.0,
2026-03-26 22:20:00,44751.0,
2026-03-26 22:30:00,42717.0,
2026-03-26 22:40:00,43136.0,
2026-03-26 22:50:00,43790.0,
2026-03-26 23:00:00,45001.0,
2026-03-26 23:10:00,43150.0,
2026-03-26 23:20:00,43485.0,
2026-03-26 23:30:00,44258.0,
2026-03-26 23:40:00,45386.0,
2026-03-26 23:50:00,44397.0,
2026-03-27 00:00:00,44332.0,
2026-03-27 00:10:00,44829.0,
2026-03-27 00:20:00,44687.0,
2026-03-27 00:30:00,44273.0,
2026-03-27 00:40:00,42413.0,
2026-03-27 00:50:00,43816.0,
2026-03-27 01:00:00,43468.0,
2026-03-27 01:10:00,43815.0,
2026-03-27 01:20:00,42688.0,
2026-03-27 01:30:00,43000.0,
2026-03-27 01:40:00,45022.0,
2026-03-27 01:50:00,44091.0,
2026-03-27 02:00:00,43675.0,
2026-03-27 02:10:00,43011.0,
2026-03-27 02:20:00,43531.0,
2026-03-27 02:30:00,44353.0,
2026-03-27 02:40:00,43053.0,
2026-03-27 02:50:00,43878.0,
2026-03-27 03:00:00,47034.0,
2026-03-27 03:10:00,46665.0,
2026-03-27 03:20:00,46551.0,
2026-03-27 03:30:00,48326.0,
2026-03-27 03:40:00,51096.0,
2026-03-27 03:50:00,53668.0,
2026-03-27 04:00:00,58289.0,
2026-03-27 04:10:00,59814.0,
2026-03-27 04:20:00,62844.0,
2026-03-27 04:30:00,63427.0,
2026-03-27 04:40:00,64682.0,
2026-03-27 04:50:00,69391.0,
2026-03-27 05:00:00,72327.0,
2026-03-27 05:10:00,72384.0,
2026-03-27 05:20:00,71716.0,
2026-03-27 05:30:00,70371.0,
2026-03-27 05:40:00,69946.0,
2026-03-27 05:50:00,71119.0,
2026-03-27 06:00:00,71822.0,
2026-03-27 06:10:00,74168.0,
2026-03-27 06:20:00,77939.0,
2026-03-27 06:30:00,79398.0,
2026-03-27 06:40:00,84581.0,
2026-03-27 06:50:00,88993.0,
2026-03-27 07:00:00,103935.0,
2026-03-27 07:10:00,97273.0,
2026-03-27 07:20:00,106355.0,
2026-03-27 07:30:00,104264.0,
2026-03-27 07:40:00,113272.0,
2026-03-27 07:50:00,115926.0,
2026-03-27 08:00:00,116504.0,
2026-03-27 08:10:00,118376.0,
2026-03-27 08:20:00,129017.0,
2026-03-27 08:30:00,136276.0,
2026-03-27 08:40:00,135125.0,
2026-03-27 08:50:00,141364.0,
2026-03-27 09:00:00,131702.0,
2026-03-27 09:10:00,127308.0,
2026-03-27 09:20:00,122162.0,
2026-03-27 09:30:00,126069.0,
2026-03-27 09:40:00,126713.0,
2026-03-27 09:50:00,128070.0,
2026-03-27 10:00:00,135070.0,
2026-03-27 10:10:00,134081.0,
2026-03-27 10:20:00,130000.0,
2026-03-27 10:30:00,127118.0,
2026-03-27 10:40:00,132245.0,
2026-03-27 10:50:00,136897.0,
2026-03-27 11:00:00,131645.0,
2026-03-27 11:10:00,120784.0,
2026-03-27 11:20:00,119058.0,
2026-03-27 11:30:00,115397.0,
2026-03-27 11:40:00,111400.0,
2026-03-27 11:50:00,108239.0,
2026-03-27 12:00:00,112518.0,
2026-03-27 12:10:00,106576.0,
2026-03-27 12:20:00,112047.0,
2026-03-27 12:30:00,110554.0,
2026-03-27 12:40:00,105589.0,
2026-03-27 12:50:00,106921.0,
2026-03-27 13:00:00,107529.0,
2026-03-27 13:10:00,109034.0,
2026-03-27 13:20:00,111653.0,
2026-03-27 13:30:00,112653.0,
2026-03-27 13:40:00,113775.0,
2026-03-27 13:50:00,119953.0,
2026-03-27 14:00:00,120717.0,
2026-03-27 14:10:00,122185.0,
2026-03-27 14:20:00,119973.0,
2026-03-27 14:30:00,122758.0,
2026-03-27 14:40:00,118725.0,
2026-03-27 14:50:00,116286.0,
2026-03-27 15:00:00,114600.0,
2026-03-27 15:10:00,117493.0,
2026-03-27 15:20:00,115490.0,
2026-03-27 15:30:00,115997.0,
2026-03-27 15:40:00,114694.0,
2026-03-27 15:50:00,113634.0,
2026-03-27 16:00:00,113288.0,
2026-03-27 16:10:00,107517.0,
2026-03-27 16:20:00,101001.0,
2026-03-27 16:30:00,98699.0,
2026-03-27 16:40:00,94883.0,
2026-03-27 16:50:00,91885.0,
2026-03-27 17:00:00,89614.0,
2026-03-27 17:10:00,88904.0,
2026-03-27 17:20:00,90395.0,
2026-03-27 17:30:00,90738.0,
2026-03-27 17:40:00,88279.0,
2026-03-27 17:50:00,88539.0,
2026-03-27 18:00:00,83870.0,
2026-03-27 18:10:00,85239.0,
2026-03-27 18:20:00,81092.0,
2026-03-27 18:30:00,82123.0,
2026-03-27 18:40:00,82783.0,
2026-03-27 18:50:00,81356.0,
2026-03-27 19:00:00,78186.0,
2026-03-27 19:10:00,77688.0,
2026-03-27 19:20:00,78242.0,
2026-03-27 19:30:00,78459.0,
2026-03-27 19:40:00,74781.0,
2026-03-27 19:50:00,71842.0,
2026-03-27 20:00:00,72140.0,
2026-03-27 20:10:00,68835.0,
2026-03-27 20:20:00,69884.0,
2026-03-27 20:30:00,67778.0,
2026-03-27 20:40:00,63951.0,
2026-03-27 20:50:00,65348.0,
2026-03-27 21:00:00,67005.0,
2026-03-27 21:10:00,63625.0,
2026-03-27 21:20:00,63719.0,
2026-03-27 21:30:00,60178.0,
2026-03-27 21:40:00,58142.0,
2026-03-27 21:50:00,58018.0,
2026-03-27 22:00:00,52751.0,
2026-03-27 22:10:00,46385.0,
2026-03-27 22:20:00,46186.0,
2026-03-27 22:30:00,46817.0,
2026-03-27 22:40:00,44040.0,
2026-03-27 22:50:00,44182.0,
2026-03-27 23:00:00,45424.0,
2026-03-27 23:10:00,44515.0,
2026-03-27 23:20:00,43155.0,
2026-03-27 23:30:00,41445.0,
2026-03-27 23:40:00,41140.0,
2026-03-27 23:50:00,42980.0,
2026-03-28 00:00:00,41580.0,
2026-03-28 00:10:00,40541.0,
2026-03-28 00:20:00,41479.0,
2026-03-28 00:30:00,41973.0,
2026-03-28 00:40:00,41554.0,
2026-03-28 00:50:00,40740.0,
2026-03-28 01:00:00,40126.0,
2026-03-28 01:10:00,41997.0,
2026-03-28 01:20:00,41924.0,
2026-03-28 01:30:00,39207.0,
2026-03-28 01:40:00,40360.0,
2026-03-28 01:50:00,40490.0,
2026-03-28 02:00:00,38817.0,
2026-03-28 02:10:00,35820.0,
2026-03-28 02:20:00,36277.0,
2026-03-28 02:30:00,36746.0,
2026-03-28 02:40:00,37717.0,
2026-03-28 02:50:00,37713.0,
2026-03-28 03:00:00,38880.0,
2026-03-28 03:10:00,40614.0,
2026-03-28 03:20:00,39167.0,
2026-03-28 03:30:00,41663.0,
2026-03-28 03:40:00,40775.0,
2026-03-28 03:50:00,41613.0,
2026-03-28 04:00:00,43343.0,
2026-03-28 04:10:00,42633.0,
2026-03-28 04:20:00,41891.0,
2026-03-28 04:30:00,44203.0,
2026-03-28 04:40:00,45002.0,
2026-03-28 04:50:00,49556.0,
2026-03-28 05:00:00,47688.0,
2026-03-28 05:10:00,48890.0,
2026-03-28 05:20:00,49184.0,
2026-03-28 05:30:00,50691.0,
2026-03-28 05:40:00,49221.0,
2026-03-28 05:50:00,48727.0,
2026-03-28 06:00:00,50206.0,
2026-03-28 06:10:00,48790.0,
2026-03-28 06:20:00,48294.0,
2026-03-28 06:30:00,47974.0,
2026-03-28 06:40:00,58012.0,
2026-03-28 06:50:00,59459.0,
2026-03-28 07:00:00,53823.0,
2026-03-28 07:10:00,52495.0,
2026-03-28 07:20:00,54589.0,
2026-03-28 07:30:00,56398.0,
2026-03-28 07:40:00,57080.0,
2026-03-28 07:50:00,55002.0,
2026-03-28 08:00:00,56526.0,
2026-03-28 08:10:00,57583.0,
2026-03-28 08:20:00,62115.0,
2026-03-28 08:30:00,63471.0,
2026-03-28 08:40:00,58423.0,
2026-03-28 08:50:00,63300.0,
2026-03-28 09:00:00,62575.0,
2026-03-28 09:10:00,59329.0,
2026-03-28 09:20:00,58743.0,
2026-03-28 09:30:00,61258.0,
2026-03-28 09:40:00,66247.0,
2026-03-28 09:50:00,61616.0,
2026-03-28 10:00:00,57682.0,
2026-03-28 10:10:00,67117.0,
2026-03-28 10:20:00,68333.0,
2026-03-28 10:30:00,61252.0,
2026-03-28 10:40:00,61349.0,
2026-03-28 10:50:00,60986.0,
2026-03-28 11:00:00,60564.0,
2026-03-28 11:10:00,62993.0,
2026-03-28 11:20:00,58435.0,
2026-03-28 11:30:00,61648.0,
2026-03-28 11:40:00,55312.0,
2026-03-28 11:50:00,61818.0,
2026-03-28 12:00:00,52839.0,
2026-03-28 12:10:00,52035.0,
2026-03-28 12:20:00,59718.0,
2026-03-28 12:30:00,54104.0,
2026-03-28 12:40:00,62563.0,
2026-03-28 12:50:00,58427.0,
2026-03-28 13:00:00,54383.0,
2026-03-28 13:10:00,57187.0,
2026-03-28 13:20:00,56380.0,
2026-03-28 13:30:00,58045.0,
2026-03-28 13:40:00,61855.0,
2026-03-28 13:50:00,61377.0,
2026-03-28 14:00:00,57043.0,
2026-03-28 14:10:00,57680.0,
2026-03-28 14:20:00,61778.0,
2026-03-28 14:30:00,60923.0,
2026-03-28 14:40:00,63993.0,
2026-03-28 14:50:00,66863.0,
2026-03-28 15:00:00,64593.0,
2026-03-28 15:10:00,64342.0,
2026-03-28 15:20:00,73866.0,
2026-03-28 15:30:00,70526.0,
2026-03-28 15:40:00,69571.0,
2026-03-28 15:50:00,78827.0,
2026-03-28 16:00:00,78883.0,
2026-03-28 16:10:00,80131.0,
2026-03-28 16:20:00,77778.0,
2026-03-28 16:30:00,79714.0,
2026-03-28 16:40:00,75731.0,
2026-03-28 16:50:00,78825.0,
2026-03-28 17:00:00,82710.0,
2026-03-28 17:10:00,83698.0,
2026-03-28 17:20:00,79893.0,
2026-03-28 17:30:00,76460.0,
2026-03-28 17:40:00,74184.0,
2026-03-28 17:50:00,79382.0,
2026-03-28 18:00:00,77864.0,
2026-03-28 18:10:00,80769.0,
2026-03-28 18:20:00,82722.0,
2026-03-28 18:30:00,83249.0,
2026-03-28 18:40:00,82522.0,
2026-03-28 18:50:00,82663.0,
2026-03-28 19:00:00,86882.0,
2026-03-28 19:10:00,84230.0,
2026-03-28 19:20:00,85190.0,
2026-03-28 19:30:00,88204.0,
2026-03-28 19:40:00,86452.0,
2026-03-28 19:50:00,86557.0,
2026-03-28 20:00:00,85898.0,
2026-03-28 20:10:00,85751.0,
2026-03-28 20:20:00,83878.0,
2026-03-28 20:30:00,87089.0,
2026-03-28 20:40:00,83162.0,
2026-03-28 20:50:00,86124.0,
2026-03-28 21:00:00,77255.0,
2026-03-28 21:10:00,80677.0,
2026-03-28 21:20:00,76241.0,
2026-03-28 21:30:00,76537.0,
2026-03-28 21:40:00,71461.0,
2026-03-28 21:50:00,71684.0,
2026-03-28 22:00:00,70100.0,
2026-03-28 22:10:00,72182.0,
2026-03-28 22:20:00,68982.0,
2026-03-28 22:30:00,69758.0,
2026-03-28 22:40:00,66584.0,
2026-03-28 22:50:00,67457.0,
2026-03-28 23:00:00,65247.0,
2026-03-28 23:10:00,63305.0,
2026-03-28 23:20:00,61945.0,
2026-03-28 23:30:00,58933.0,
2026-03-28 23:40:00,56145.0,
2026-03-28 23:50:00,56218.0,
2026-03-29 00:00:00,55604.0,
2026-03-29 00:10:00,53597.0,
2026-03-29 00:20:00,53126.0,
2026-03-29 00:30:00,53368.0,
2026-03-29 00:40:00,48917.0,
2026-03-29 00:50:00,41830.0,
2026-03-29 01:00:00,41576.0,
2026-03-29 01:10:00,42262.0,
2026-03-29 01:20:00,41106.0,
2026-03-29 01:30:00,40864.0,
2026-03-29 01:40:00,40128.0,
2026-03-29 01:50:00,40301.0,
2026-03-29 02:00:00,40016.0,
2026-03-29 02:10:00,40797.0,
2026-03-29 02:20:00,39335.0,
2026-03-29 02:30:00,40350.0,
2026-03-29 02:40:00,40741.0,
2026-03-29 02:50:00,41881.0,
2026-03-29 03:00:00,40292.0,
2026-03-29 03:10:00,41071.0,
2026-03-29 03:20:00,41921.0,
2026-03-29 03:30:00,41578.0,
2026-03-29 03:40:00,40867.0,
2026-03-29 03:50:00,40039.0,
2026-03-29 04:00:00,41391.0,
2026-03-29 04:10:00,41361.0,
2026-03-29 04:20:00,41545.0,
2026-03-29 04:30:00,39459.0,
2026-03-29 04:40:00,42900.0,
2026-03-29 04:50:00,41820.0,
2026-03-29 05:00:00,40053.0,
2026-03-29 05:10:00,39838.0,
2026-03-29 05:20:00,42310.0,
2026-03-29 05:30:00,41925.0,
2026-03-29 05:40:00,40271.0,
2026-03-29 05:50:00,41029.0,
2026-03-29 06:00:00,43434.0,
2026-03-29 06:10:00,47013.0,
2026-03-29 06:20:00,45178.0,
2026-03-29 06:30:00,47739.0,
2026-03-29 06:40:00,54851.0,
2026-03-29 06:50:00,55767.0,
2026-03-29 07:00:00,49506.0,
2026-03-29 07:10:00,47153.0,
2026-03-29 07:20:00,48186.0,
2026-03-29 07:30:00,50320.0,
2026-03-29 07:40:00,49923.0,
2026-03-29 07:50:00,47966.0,
2026-03-29 08:00:00,46934.0,
2026-03-29 08:10:00,48899.0,
2026-03-29 08:20:00,47289.0,
2026-03-29 08:30:00,46555.0,
2026-03-29 08:40:00,45011.0,
2026-03-29 08:50:00,44863.0,
2026-03-29 09:00:00,42555.0,
2026-03-29 09:10:00,41101.0,
2026-03-29 09:20:00,40164.0,
2026-03-29 09:30:00,41626.0,
2026-03-29 09:40:00,40545.0,
2026-03-29 09:50:00,41590.0,
2026-03-29 10:00:00,38549.0,
2026-03-29 10:10:00,39738.0,
2026-03-29 10:20:00,42025.0,
2026-03-29 10:30:00,38959.0,
2026-03-29 10:40:00,37185.0,
2026-03-29 10:50:00,36131.0,
2026-03-29 11:00:00,36607.0,
2026-03-29 11:10:00,35042.0,
2026-03-29 11:20:00,36880.0,
2026-03-29 11:30:00,35491.0,
2026-03-29 11:40:00,35223.0,
2026-03-29 11:50:00,37272.0,
2026-03-29 12:00:00,36870.0,
2026-03-29 12:10:00,39994.0,
2026-03-29 12:20:00,41150.0,
2026-03-29 12:30:00,40922.0,
2026-03-29 12:40:00,40170.0,
2026-03-29 12:50:00,39578.0,
2026-03-29 13:00:00,38693.0,
2026-03-29 13:10:00,40530.0,
2026-03-29 13:20:00,39770.0,
2026-03-29 13:30:00,41159.0,
2026-03-29 13:40:00,38500.0,
2026-03-29 13:50:00,39833.0,
2026-03-29 14:00:00,41958.0,
2026-03-29 14:10:00,42664.0,
2026-03-29 14:20:00,39710.0,
2026-03-29 14:30:00,39725.0,
2026-03-29 14:40:00,40934.0,
2026-03-29 14:50:00,40968.0,
2026-03-29 15:00:00,42465.0,
2026-03-29 15:10:00,41623.0,
2026-03-29 15:20:00,44507.0,
2026-03-29 15:30:00,42874.0,
2026-03-29 15:40:00,42422.0,
2026-03-29 15:50:00,42196.0,
2026-03-29 16:00:00,42528.0,
2026-03-29 16:10:00,42435.0,
2026-03-29 16:20:00,43749.0,
2026-03-29 16:30:00,42538.0,
2026-03-29 16:40:00,43009.0,
2026-03-29 16:50:00,45215.0,
2026-03-29 17:00:00,45553.0,
2026-03-29 17:10:00,43293.0,
2026-03-29 17:20:00,43441.0,
2026-03-29 17:30:00,43038.0,
2026-03-29 17:40:00,41030.0,
2026-03-29 17:50:00,42798.0,
2026-03-29 18:00:00,41151.0,
2026-03-29 18:10:00,40590.0,
2026-03-29 18:20:00,42335.0,
2026-03-29 18:30:00,44466.0,
2026-03-29 18:40:00,41731.0,
2026-03-29 18:50:00,42048.0,
2026-03-29 19:00:00,43574.0,
2026-03-29 19:10:00,43952.0,
2026-03-29 19:20:00,42445.0,
2026-03-29 19:30:00,41072.0,
2026-03-29 19:40:00,42283.0,
2026-03-29 19:50:00,44211.0,
2026-03-29 20:00:00,43235.0,
2026-03-29 20:10:00,41668.0,
2026-03-29 20:20:00,42119.0,
2026-03-29 20:30:00,43278.0,
2026-03-29 20:40:00,43180.0,
2026-03-29 20:50:00,41508.0,
2026-03-29 21:00:00,39662.0,
2026-03-29 21:10:00,40015.0,
2026-03-29 21:20:00,40701.0,
2026-03-29 21:30:00,38628.0,
2026-03-29 21:40:00,38152.0,
2026-03-29 21:50:00,39995.0,
2026-03-29 22:00:00,39086.0,
2026-03-29 22:10:00,39644.0,
2026-03-29 22:20:00,38833.0,
2026-03-29 22:30:00,38737.0,
2026-03-29 22:40:00,39256.0,
2026-03-29 22:50:00,39861.0,
2026-03-29 23:00:00,38942.0,
2026-03-29 23:10:00,39365.0,
2026-03-29 23:20:00,39890.0,
2026-03-29 23:30:00,40170.0,
2026-03-29 23:40:00,40721.0,
2026-03-29 23:50:00,37115.0,
2026-03-30 00:00:00,39880.0,
2026-03-30 00:10:00,39240.0,
2026-03-30 00:20:00,40336.0,
2026-03-30 00:30:00,38251.0,
2026-03-30 00:40:00,38914.0,
2026-03-30 00:50:00,39093.0,
2026-03-30 01:00:00,42463.0,
2026-03-30 01:10:00,40257.0,
2026-03-30 01:20:00,41758.0,
2026-03-30 01:30:00,42027.0,
2026-03-30 01:40:00,41831.0,
2026-03-30 01:50:00,41162.0,
2026-03-30 02:00:00,43578.0,
2026-03-30 02:10:00,45492.0,
2026-03-30 02:20:00,44911.0,
2026-03-30 02:30:00,47985.0,
2026-03-30 02:40:00,47371.0,
2026-03-30 02:50:00,51985.0,
2026-03-30 03:00:00,61048.0,
2026-03-30 03:10:00,67843.0,
2026-03-30 03:20:00,66472.0,
2026-03-30 03:30:00,67612.0,
2026-03-30 03:40:00,69819.0,
2026-03-30 03:50:00,73104.0,
2026-03-30 04:00:00,70958.0,
2026-03-30 04:10:00,71002.0,
2026-03-30 04:20:00,71446.0,
2026-03-30 04:30:00,71992.0,
2026-03-30 04:40:00,71388.0,
2026-03-30 04:50:00,72196.0,
2026-03-30 05:00:00,76867.0,
2026-03-30 05:10:00,85696.0,
2026-03-30 05:20:00,82590.0,
2026-03-30 05:30:00,89930.0,
2026-03-30 05:40:00,102672.0,
2026-03-30 05:50:00,111728.0,
2026-03-30 06:00:00,106225.0,
2026-03-30 06:10:00,109184.0,
2026-03-30 06:20:00,117887.0,
2026-03-30 06:30:00,120122.0,
2026-03-30 06:40:00,127026.0,
2026-03-30 06:50:00,130607.0,
2026-03-30 07:00:00,131931.0,
2026-03-30 07:10:00,135589.0,
2026-03-30 07:20:00,135418.0,
2026-03-30 07:30:00,135152.0,
2026-03-30 07:40:00,142935.0,
2026-03-30 07:50:00,149467.0,
2026-03-30 08:00:00,146340.0,
2026-03-30 08:10:00,144258.0,
2026-03-30 08:20:00,134458.0,
2026-03-30 08:30:00,134088.0,
2026-03-30 08:40:00,131896.0,
2026-03-30 08:50:00,135644.0,
2026-03-30 09:00:00,132480.0,
2026-03-30 09:10:00,139819.0,
2026-03-30 09:20:00,134488.0,
2026-03-30 09:30:00,124250.0,
2026-03-30 09:40:00,128165.0,
2026-03-30 09:50:00,125541.0,
2026-03-30 10:00:00,125477.0,
2026-03-30 10:10:00,121806.0,
2026-03-30 10:20:00,105608.0,
2026-03-30 10:30:00,106477.0,
2026-03-30 10:40:00,107824.0,
2026-03-30 10:50:00,101132.0,
2026-03-30 11:00:00,103614.0,
2026-03-30 11:10:00,105967.0,
2026-03-30 11:20:00,113508.0,
2026-03-30 11:30:00,100222.0,
2026-03-30 11:40:00,99451.0,
2026-03-30 11:50:00,105795.0,
2026-03-30 12:00:00,106124.0,
2026-03-30 12:10:00,110885.0,
2026-03-30 12:20:00,103728.0,
2026-03-30 12:30:00,114589.0,
2026-03-30 12:40:00,113858.0,
2026-03-30 12:50:00,112853.0,
2026-03-30 13:00:00,113273.0,
2026-03-30 13:10:00,112912.0,
2026-03-30 13:20:00,112060.0,
2026-03-30 13:30:00,115070.0,
2026-03-30 13:40:00,115100.0,
2026-03-30 13:50:00,116955.0,
2026-03-30 14:00:00,112574.0,
2026-03-30 14:10:00,114072.0,
2026-03-30 14:20:00,111208.0,
2026-03-30 14:30:00,108820.0,
2026-03-30 14:40:00,104946.0,
2026-03-30 14:50:00,107417.0,
2026-03-30 15:00:00,109730.0,
2026-03-30 15:10:00,104320.0,
2026-03-30 15:20:00,97337.0,
2026-03-30 15:30:00,96748.0,
2026-03-30 15:40:00,90719.0,
2026-03-30 15:50:00,88654.0,
2026-03-30 16:00:00,82750.0,
2026-03-30 16:10:00,89873.0,
2026-03-30 16:20:00,93012.0,
2026-03-30 16:30:00,90681.0,
2026-03-30 16:40:00,92137.0,
2026-03-30 16:50:00,90220.0,
2026-03-30 17:00:00,87063.0,
2026-03-30 17:10:00,84317.0,
2026-03-30 17:20:00,83726.0,
2026-03-30 17:30:00,81868.0,
2026-03-30 17:40:00,77527.0,
2026-03-30 17:50:00,78415.0,
2026-03-30 18:00:00,73083.0,
2026-03-30 18:10:00,70332.0,
2026-03-30 18:20:00,69556.0,
2026-03-30 18:30:00,68604.0,
2026-03-30 18:40:00,67740.0,
2026-03-30 18:50:00,68158.0,
2026-03-30 19:00:00,67122.0,
2026-03-30 19:10:00,67575.0,
2026-03-30 19:20:00,66446.0,
2026-03-30 19:30:00,66833.0,
2026-03-30 19:40:00,65330.0,
2026-03-30 19:50:00,60620.0,
2026-03-30 20:00:00,50143.0,
2026-03-30 20:10:00,47993.0,
2026-03-30 20:20:00,48940.0,
2026-03-30 20:30:00,46606.0,
2026-03-30 20:40:00,43188.0,
2026-03-30 20:50:00,42085.0,
2026-03-30 21:00:00,42460.0,
2026-03-30 21:10:00,42528.0,
2026-03-30 21:20:00,41312.0,
2026-03-30 21:30:00,40362.0,
2026-03-30 21:40:00,40734.0,
2026-03-30 21:50:00,40107.0,
2026-03-30 22:00:00,38634.0,
2026-03-30 22:10:00,39723.0,
2026-03-30 22:20:00,38457.0,
2026-03-30 22:30:00,38383.0,
2026-03-30 22:40:00,38740.0,
2026-03-30 22:50:00,38504.0,
2026-03-30 23:00:00,38042.0,
2026-03-30 23:10:00,38305.0,
2026-03-30 23:20:00,39596.0,
2026-03-30 23:30:00,38997.0,
2026-03-30 23:40:00,39042.0,
2026-03-30 23:50:00,39121.0,
2026-03-31 00:00:00,40115.0,
2026-03-31 00:10:00,38589.0,
2026-03-31 00:20:00,37690.0,
2026-03-31 00:30:00,38633.0,
2026-03-31 00:40:00,37798.0,
2026-03-31 00:50:00,38828.0,
2026-03-31 01:00:00,39275.0,
2026-03-31 01:10:00,39167.0,
2026-03-31 01:20:00,38043.0,
2026-03-31 01:30:00,38923.0,
2026-03-31 01:40:00,40369.0,
2026-03-31 01:50:00,39355.0,
2026-03-31 02:00:00,41568.0,
2026-03-31 02:10:00,41584.0,
2026-03-31 02:20:00,40005.0,
2026-03-31 02:30:00,42185.0,
2026-03-31 02:40:00,45583.0,
2026-03-31 02:50:00,47163.0,
2026-03-31 03:00:00,51555.0,
2026-03-31 03:10:00,51446.0,
2026-03-31 03:20:00,56191.0,
2026-03-31 03:30:00,61689.0,
2026-03-31 03:40:00,62659.0,
2026-03-31 03:50:00,64516.0,
2026-03-31 04:00:00,65198.0,
2026-03-31 04:10:00,64602.0,
2026-03-31 04:20:00,64675.0,
2026-03-31 04:30:00,63674.0,
2026-03-31 04:40:00,64740.0,
2026-03-31 04:50:00,67229.0,
2026-03-31 05:00:00,71222.0,
2026-03-31 05:10:00,72248.0,
2026-03-31 05:20:00,75103.0,
2026-03-31 05:30:00,76271.0,
2026-03-31 05:40:00,82554.0,
2026-03-31 05:50:00,94715.0,
2026-03-31 06:00:00,97134.0,
2026-03-31 06:10:00,98779.0,
2026-03-31 06:20:00,94160.0,
2026-03-31 06:30:00,95765.0,
2026-03-31 06:40:00,104783.0,
2026-03-31 06:50:00,111625.0,
2026-03-31 07:00:00,115738.0,
2026-03-31 07:10:00,120622.0,
2026-03-31 07:20:00,126040.0,
2026-03-31 07:30:00,140448.0,
2026-03-31 07:40:00,134650.0,
2026-03-31 07:50:00,135319.0,
2026-03-31 08:00:00,126993.0,
2026-03-31 08:10:00,121379.0,
2026-03-31 08:20:00,120360.0,
2026-03-31 08:30:00,124805.0,
2026-03-31 08:40:00,129917.0,
2026-03-31 08:50:00,131110.0,
2026-03-31 09:00:00,128519.0,
2026-03-31 09:10:00,132705.0,
2026-03-31 09:20:00,134987.0,
2026-03-31 09:30:00,130524.0,
2026-03-31 09:40:00,130742.0,
2026-03-31 09:50:00,134904.0,
2026-03-31 10:00:00,133643.0,
2026-03-31 10:10:00,136310.0,
2026-03-31 10:20:00,133011.0,
2026-03-31 10:30:00,126104.0,
2026-03-31 10:40:00,126366.0,
2026-03-31 10:50:00,129376.0,
2026-03-31 11:00:00,133564.0,
2026-03-31 11:10:00,129296.0,
2026-03-31 11:20:00,128516.0,
2026-03-31 11:30:00,125541.0,
2026-03-31 11:40:00,120482.0,
2026-03-31 11:50:00,123826.0,
2026-03-31 12:00:00,128317.0,
2026-03-31 12:10:00,132606.0,
2026-03-31 12:20:00,129118.0,
2026-03-31 12:30:00,129748.0,
2026-03-31 12:40:00,132293.0,
2026-03-31 12:50:00,126326.0,
2026-03-31 13:00:00,121907.0,
2026-03-31 13:10:00,120202.0,
2026-03-31 13:20:00,115239.0,
2026-03-31 13:30:00,114076.0,
2026-03-31 13:40:00,120499.0,
2026-03-31 13:50:00,123306.0,
2026-03-31 14:00:00,124638.0,
2026-03-31 14:10:00,124558.0,
2026-03-31 14:20:00,127817.0,
2026-03-31 14:30:00,123800.0,
2026-03-31 14:40:00,124481.0,
2026-03-31 14:50:00,119802.0,
2026-03-31 15:00:00,114525.0,
2026-03-31 15:10:00,112807.0,
2026-03-31 15:20:00,112467.0,
2026-03-31 15:30:00,106378.0,
2026-03-31 15:40:00,101500.0,
2026-03-31 15:50:00,99403.0,
2026-03-31 16:00:00,97848.0,
2026-03-31 16:10:00,98541.0,
2026-03-31 16:20:00,92019.0,
2026-03-31 16:30:00,86796.0,
2026-03-31 16:40:00,84824.0,
2026-03-31 16:50:00,83447.0,
2026-03-31 17:00:00,80067.0,
2026-03-31 17:10:00,77544.0,
2026-03-31 17:20:00,74661.0,
2026-03-31 17:30:00,76977.0,
2026-03-31 17:40:00,77791.0,
2026-03-31 17:50:00,75105.0,
2026-03-31 18:00:00,71207.0,
2026-03-31 18:10:00,70845.0,
2026-03-31 18:20:00,70147.0,
2026-03-31 18:30:00,67924.0,
2026-03-31 18:40:00,68647.0,
2026-03-31 18:50:00,67348.0,
2026-03-31 19:00:00,66673.0,
2026-03-31 19:10:00,67634.0,
2026-03-31 19:20:00,66209.0,
2026-03-31 19:30:00,64025.0,
2026-03-31 19:40:00,63136.0,
2026-03-31 19:50:00,66172.0,
2026-03-31 20:00:00,62571.0,
2026-03-31 20:10:00,56047.0,
2026-03-31 20:20:00,51766.0,
2026-03-31 20:30:00,49536.0,
2026-03-31 20:40:00,46202.0,
2026-03-31 20:50:00,45359.0,
2026-03-31 21:00:00,46154.0,
2026-03-31 21:10:00,45755.0,
2026-03-31 21:20:00,46253.0,
2026-03-31 21:30:00,44087.0,
2026-03-31 21:40:00,45307.0,
2026-03-31 21:50:00,44687.0,
2026-03-31 22:00:00,46394.0,
2026-03-31 22:10:00,44948.0,
2026-03-31 22:20:00,44324.0,
2026-03-31 22:30:00,41690.0,
2026-03-31 22:40:00,42537.0,
2026-03-31 22:50:00,41333.0,
2026-03-31 23:00:00,41577.0,
2026-03-31 23:10:00,41253.0,
2026-03-31 23:20:00,41801.0,
2026-03-31 23:30:00,41671.0,
2026-03-31 23:40:00,41504.0,
2026-03-31 23:50:00,40871.0,
2026-04-01 00:00:00,42326.0,
2026-04-01 00:10:00,42853.0,
2026-04-01 00:20:00,40178.0,
2026-04-01 00:30:00,40384.0,
2026-04-01 00:40:00,40670.0,
2026-04-01 00:50:00,42294.0,
2026-04-01 01:00:00,41190.0,
2026-04-01 01:10:00,40511.0,
2026-04-01 01:20:00,41303.0,
2026-04-01 01:30:00,41780.0,
2026-04-01 01:40:00,41177.0,
2026-04-01 01:50:00,41851.0,
2026-04-01 02:00:00,43185.0,
2026-04-01 02:10:00,43285.0,
2026-04-01 02:20:00,43415.0,
2026-04-01 02:30:00,44767.0,
2026-04-01 02:40:00,45514.0,
2026-04-01 02:50:00,49304.0,
2026-04-01 03:00:00,55254.0,
2026-04-01 03:10:00,55987.0,
2026-04-01 03:20:00,58210.0,
2026-04-01 03:30:00,60997.0,
2026-04-01 03:40:00,59971.0,
2026-04-01 03:50:00,65194.0,
2026-04-01 04:00:00,65254.0,
2026-04-01 04:10:00,67974.0,
2026-04-01 04:20:00,63759.0,
2026-04-01 04:30:00,63761.0,
2026-04-01 04:40:00,63894.0,
2026-04-01 04:50:00,67857.0,
2026-04-01 05:00:00,71390.0,
2026-04-01 05:10:00,75511.0,
2026-04-01 05:20:00,76041.0,
2026-04-01 05:30:00,79463.0,
2026-04-01 05:40:00,86420.0,
2026-04-01 05:50:00,100441.0,
2026-04-01 06:00:00,103634.0,
2026-04-01 06:10:00,110536.0,
2026-04-01 06:20:00,110193.0,
2026-04-01 06:30:00,110736.0,
2026-04-01 06:40:00,119571.0,
2026-04-01 06:50:00,124232.0,
2026-04-01 07:00:00,134628.0,
2026-04-01 07:10:00,136617.0,
2026-04-01 07:20:00,142518.0,
2026-04-01 07:30:00,138250.0,
2026-04-01 07:40:00,145422.0,
2026-04-01 07:50:00,147535.0,
2026-04-01 08:00:00,152104.0,
2026-04-01 08:10:00,154456.0,
2026-04-01 08:20:00,146471.0,
2026-04-01 08:30:00,147306.0,
2026-04-01 08:40:00,142105.0,
2026-04-01 08:50:00,134396.0,
2026-04-01 09:00:00,135379.0,
2026-04-01 09:10:00,130041.0,
2026-04-01 09:20:00,126977.0,
2026-04-01 09:30:00,126433.0,
2026-04-01 09:40:00,129324.0,
2026-04-01 09:50:00,128326.0,
2026-04-01 10:00:00,123039.0,
2026-04-01 10:10:00,117598.0,
2026-04-01 10:20:00,112759.0,
2026-04-01 10:30:00,111691.0,
2026-04-01 10:40:00,108415.0,
2026-04-01 10:50:00,115581.0,
2026-04-01 11:00:00,111714.0,
2026-04-01 11:10:00,113240.0,
2026-04-01 11:20:00,112654.0,
2026-04-01 11:30:00,109217.0,
2026-04-01 11:40:00,106182.0,
2026-04-01 11:50:00,107125.0,
2026-04-01 12:00:00,115610.0,
2026-04-01 12:10:00,112403.0,
2026-04-01 12:20:00,109115.0,
2026-04-01 12:30:00,112976.0,
2026-04-01 12:40:00,118100.0,
2026-04-01 12:50:00,121545.0,
2026-04-01 13:00:00,113416.0,
2026-04-01 13:10:00,110740.0,
2026-04-01 13:20:00,111201.0,
2026-04-01 13:30:00,111613.0,
2026-04-01 13:40:00,106424.0,
2026-04-01 13:50:00,111658.0,
2026-04-01 14:00:00,113536.0,
2026-04-01 14:10:00,112187.0,
2026-04-01 14:20:00,104987.0,
2026-04-01 14:30:00,108339.0,
2026-04-01 14:40:00,109673.0,
2026-04-01 14:50:00,109475.0,
2026-04-01 15:00:00,105864.0,
2026-04-01 15:10:00,102522.0,
2026-04-01 15:20:00,101325.0,
2026-04-01 15:30:00,99852.0,
2026-04-01 15:40:00,99187.0,
2026-04-01 15:50:00,99127.0,
2026-04-01 16:00:00,98424.0,
2026-04-01 16:10:00,96532.0,
2026-04-01 16:20:00,95345.0,
2026-04-01 16:30:00,94713.0,
2026-04-01 16:40:00,96015.0,
2026-04-01 16:50:00,94848.0,
2026-04-01 17:00:00,90863.0,
2026-04-01 17:10:00,86714.0,
2026-04-01 17:20:00,84417.0,
2026-04-01 17:30:00,78690.0,
2026-04-01 17:40:00,80640.0,
2026-04-01 17:50:00,78021.0,
2026-04-01 18:00:00,74475.0,
2026-04-01 18:10:00,72631.0,
2026-04-01 18:20:00,74144.0,
2026-04-01 18:30:00,72652.0,
2026-04-01 18:40:00,69014.0,
2026-04-01 18:50:00,67592.0,
2026-04-01 19:00:00,66568.0,
2026-04-01 19:10:00,66188.0,
2026-04-01 19:20:00,65905.0,
2026-04-01 19:30:00,64166.0,
2026-04-01 19:40:00,64071.0,
2026-04-01 19:50:00,63624.0,
2026-04-01 20:00:00,63003.0,
2026-04-01 20:10:00,61806.0,
2026-04-01 20:20:00,61553.0,
2026-04-01 20:30:00,59386.0,
2026-04-01 20:40:00,59414.0,
2026-04-01 20:50:00,55866.0,
2026-04-01 21:00:00,50661.0,
2026-04-01 21:10:00,48801.0,
2026-04-01 21:20:00,48513.0,
2026-04-01 21:30:00,46802.0,
2026-04-01 21:40:00,46414.0,
2026-04-01 21:50:00,45852.0,
2026-04-01 22:00:00,46937.0,
2026-04-01 22:10:00,43716.0,
2026-04-01 22:20:00,44713.0,
2026-04-01 22:30:00,44963.0,
2026-04-01 22:40:00,46217.0,
2026-04-01 22:50:00,45852.0,
2026-04-01 23:00:00,44629.0,
2026-04-01 23:10:00,44882.0,
2026-04-01 23:20:00,45585.0,
2026-04-01 23:30:00,45210.0,
2026-04-01 23:40:00,42599.0,
2026-04-01 23:50:00,46573.0,
2026-04-02 00:00:00,44139.0,
2026-04-02 00:10:00,44919.0,
2026-04-02 00:20:00,43306.0,
2026-04-02 00:30:00,45961.0,
2026-04-02 00:40:00,44401.0,
2026-04-02 00:50:00,45603.0,
2026-04-02 01:00:00,44430.0,
2026-04-02 01:10:00,44146.0,
2026-04-02 01:20:00,44472.0,
2026-04-02 01:30:00,45301.0,
2026-04-02 01:40:00,44732.0,
2026-04-02 01:50:00,44970.0,
2026-04-02 02:00:00,46864.0,
2026-04-02 02:10:00,46523.0,
2026-04-02 02:20:00,48066.0,
2026-04-02 02:30:00,49190.0,
2026-04-02 02:40:00,50209.0,
2026-04-02 02:50:00,54111.0,
2026-04-02 03:00:00,57987.0,
2026-04-02 03:10:00,61456.0,
2026-04-02 03:20:00,61664.0,
2026-04-02 03:30:00,61624.0,
2026-04-02 03:40:00,65787.0,
2026-04-02 03:50:00,71594.0,
2026-04-02 04:00:00,70890.0,
2026-04-02 04:10:00,71946.0,
2026-04-02 04:20:00,72045.0,
2026-04-02 04:30:00,71545.0,
2026-04-02 04:40:00,70118.0,
2026-04-02 04:50:00,71432.0,
2026-04-02 05:00:00,80882.0,
2026-04-02 05:10:00,78011.0,
2026-04-02 05:20:00,81339.0,
2026-04-02 05:30:00,85602.0,
2026-04-02 05:40:00,87588.0,
2026-04-02 05:50:00,91472.0,
2026-04-02 06:00:00,98295.0,
2026-04-02 06:10:00,112942.0,
2026-04-02 06:20:00,116191.0,
2026-04-02 06:30:00,116312.0,
2026-04-02 06:40:00,114273.0,
2026-04-02 06:50:00,127306.0,
2026-04-02 07:00:00,129120.0,
2026-04-02 07:10:00,132372.0,
2026-04-02 07:20:00,136191.0,
2026-04-02 07:30:00,146213.0,
2026-04-02 07:40:00,135515.0,
2026-04-02 07:50:00,135213.0,
2026-04-02 08:00:00,142174.0,
2026-04-02 08:10:00,143696.0,
2026-04-02 08:20:00,142375.0,
2026-04-02 08:30:00,142026.0,
2026-04-02 08:40:00,141954.0,
2026-04-02 08:50:00,145363.0,
2026-04-02 09:00:00,140560.0,
2026-04-02 09:10:00,137422.0,
2026-04-02 09:20:00,130759.0,
2026-04-02 09:30:00,126761.0,
2026-04-02 09:40:00,126836.0,
2026-04-02 09:50:00,134711.0,
2026-04-02 10:00:00,129285.0,
2026-04-02 10:10:00,129502.0,
2026-04-02 10:20:00,121414.0,
2026-04-02 10:30:00,117377.0,
2026-04-02 10:40:00,121389.0,
2026-04-02 10:50:00,116375.0,
2026-04-02 11:00:00,120977.0,
2026-04-02 11:10:00,125861.0,
2026-04-02 11:20:00,129323.0,
2026-04-02 11:30:00,121335.0,
2026-04-02 11:40:00,113110.0,
2026-04-02 11:50:00,116666.0,
2026-04-02 12:00:00,117578.0,
2026-04-02 12:10:00,114165.0,
2026-04-02 12:20:00,119988.0,
2026-04-02 12:30:00,116951.0,
2026-04-02 12:40:00,115789.0,
2026-04-02 12:50:00,127047.0,
2026-04-02 13:00:00,128010.0,
2026-04-02 13:10:00,118363.0,
2026-04-02 13:20:00,123504.0,
2026-04-02 13:30:00,121017.0,
2026-04-02 13:40:00,120486.0,
2026-04-02 13:50:00,117572.0,
2026-04-02 14:00:00,118175.0,
2026-04-02 14:10:00,115716.0,
2026-04-02 14:20:00,114720.0,
2026-04-02 14:30:00,115040.0,
2026-04-02 14:40:00,108312.0,
2026-04-02 14:50:00,111506.0,
2026-04-02 15:00:00,112584.0,
2026-04-02 15:10:00,107502.0,
2026-04-02 15:20:00,105307.0,
2026-04-02 15:30:00,98437.0,
2026-04-02 15:40:00,96652.0,
2026-04-02 15:50:00,98225.0,
2026-04-02 16:00:00,99981.0,
2026-04-02 16:10:00,96418.0,
2026-04-02 16:20:00,94124.0,
2026-04-02 16:30:00,91885.0,
2026-04-02 16:40:00,92173.0,
2026-04-02 16:50:00,93871.0,
2026-04-02 17:00:00,91986.0,
2026-04-02 17:10:00,92215.0,
2026-04-02 17:20:00,93197.0,
2026-04-02 17:30:00,92882.0,
2026-04-02 17:40:00,91417.0,
2026-04-02 17:50:00,91900.0,
2026-04-02 18:00:00,87380.0,
2026-04-02 18:10:00,85471.0,
2026-04-02 18:20:00,81931.0,
2026-04-02 18:30:00,82133.0,
2026-04-02 18:40:00,81893.0,
2026-04-02 18:50:00,82992.0,
2026-04-02 19:00:00,78203.0,
2026-04-02 19:10:00,79738.0,
2026-04-02 19:20:00,78769.0,
2026-04-02 19:30:00,78482.0,
2026-04-02 19:40:00,78480.0,
2026-04-02 19:50:00,76458.0,
2026-04-02 20:00:00,71713.0,
2026-04-02 20:10:00,67504.0,
2026-04-02 20:20:00,61474.0,
2026-04-02 20:30:00,52804.0,
2026-04-02 20:40:00,52648.0,
2026-04-02 20:50:00,49331.0,
2026-04-02 21:00:00,50769.0,
2026-04-02 21:10:00,48601.0,
2026-04-02 21:20:00,47168.0,
2026-04-02 21:30:00,46747.0,
2026-04-02 21:40:00,48649.0,
2026-04-02 21:50:00,46951.0,
2026-04-02 22:00:00,45792.0,41288.0
2026-04-02 22:10:00,45117.0,40416.0
2026-04-02 22:20:00,43376.0,40529.0
2026-04-02 22:30:00,43692.0,40139.0
2026-04-02 22:40:00,43505.0,41056.0
2026-04-02 22:50:00,43520.0,40720.0
2026-04-02 23:00:00,44679.0,40484.0
2026-04-02 23:10:00,44815.0,40783.0
2026-04-02 23:20:00,43022.0,41568.0
2026-04-02 23:30:00,43321.0,41576.0
2026-04-02 23:40:00,41890.0,41097.0
2026-04-02 23:50:00,44773.0,41378.0
2026-04-03 00:00:00,42837.0,41792.0
2026-04-03 00:10:00,43834.0,41840.0
2026-04-03 00:20:00,41722.0,41218.0
2026-04-03 00:30:00,43907.0,41794.0
2026-04-03 00:40:00,43098.0,41452.0
2026-04-03 00:50:00,42638.0,41592.0
2026-04-03 01:00:00,43724.0,41717.0
2026-04-03 01:10:00,42492.0,41304.0
2026-04-03 01:20:00,44279.0,41727.0
2026-04-03 01:30:00,42501.0,42133.0
2026-04-03 01:40:00,43205.0,41783.0
2026-04-03 01:50:00,42706.0,41846.0
2026-04-03 02:00:00,46557.0,42921.0
2026-04-03 02:10:00,44962.0,43118.0
2026-04-03 02:20:00,43988.0,43273.0
2026-04-03 02:30:00,48094.0,44625.0
2026-04-03 02:40:00,50012.0,46099.0
2026-04-03 02:50:00,54079.0,49345.0
2026-04-03 03:00:00,56553.0,53492.0
2026-04-03 03:10:00,57801.0,55782.0
2026-04-03 03:20:00,59852.0,57822.0
2026-04-03 03:30:00,59706.0,59895.0
2026-04-03 03:40:00,58957.0,61082.0
2026-04-03 03:50:00,65111.0,64321.0
2026-04-03 04:00:00,66712.0,64460.0
2026-04-03 04:10:00,67381.0,65800.0
2026-04-03 04:20:00,65651.0,64989.0
2026-04-03 04:30:00,67145.0,65236.0
2026-04-03 04:40:00,74268.0,66080.0
2026-04-03 04:50:00,71943.0,68089.0
2026-04-03 05:00:00,72864.0,72284.0
2026-04-03 05:10:00,73641.0,75178.0
2026-04-03 05:20:00,81180.0,76956.0
2026-04-03 05:30:00,81512.0,80809.0
2026-04-03 05:40:00,82812.0,88966.0
2026-04-03 05:50:00,92877.0,101116.0
2026-04-03 06:00:00,97009.0,104411.0
2026-04-03 06:10:00,100576.0,113722.0
2026-04-03 06:20:00,97464.0,116452.0
2026-04-03 06:30:00,99264.0,118214.0
2026-04-03 06:40:00,107050.0,125833.0
2026-04-03 06:50:00,108595.0,135073.0
2026-04-03 07:00:00,115380.0,139699.0
2026-04-03 07:10:00,117400.0,143713.0
2026-04-03 07:20:00,119963.0,148509.0
2026-04-03 07:30:00,121200.0,152816.0
2026-04-03 07:40:00,126012.0,153397.0
2026-04-03 07:50:00,129775.0,155276.0
2026-04-03 08:00:00,116708.0,152661.0
2026-04-03 08:10:00,113733.0,150608.0
2026-04-03 08:20:00,113415.0,143866.0
2026-04-03 08:30:00,116011.0,145088.0
2026-04-03 08:40:00,116853.0,143783.0
2026-04-03 08:50:00,122100.0,142763.0
2026-04-03 09:00:00,122671.0,138516.0
2026-04-03 09:10:00,124415.0,139273.0
2026-04-03 09:20:00,116946.0,134184.0
2026-04-03 09:30:00,119287.0,126640.0
2026-04-03 09:40:00,118245.0,127140.0
2026-04-03 09:50:00,114527.0,130050.0
2026-04-03 10:00:00,111561.0,126236.0
2026-04-03 10:10:00,110793.0,121017.0
2026-04-03 10:20:00,110371.0,112692.0
2026-04-03 10:30:00,107766.0,109331.0
2026-04-03 10:40:00,107784.0,110147.0
2026-04-03 10:50:00,112602.0,111230.0
2026-04-03 11:00:00,110526.0,112691.0
2026-04-03 11:10:00,112490.0,111818.0
2026-04-03 11:20:00,108377.0,113311.0
2026-04-03 11:30:00,105534.0,106838.0
2026-04-03 11:40:00,106588.0,103499.0
2026-04-03 11:50:00,109956.0,105487.0
2026-04-03 12:00:00,115037.0,109279.0
2026-04-03 12:10:00,119468.0,109039.0
2026-04-03 12:20:00,126001.0,106819.0
2026-04-03 12:30:00,122039.0,108353.0
2026-04-03 12:40:00,119518.0,110270.0
2026-04-03 12:50:00,117066.0,111127.0
2026-04-03 13:00:00,116131.0,106078.0
2026-04-03 13:10:00,115364.0,104051.0
2026-04-03 13:20:00,114713.0,101567.0
2026-04-03 13:30:00,115154.0,101033.0
2026-04-03 13:40:00,115305.0,101919.0
2026-04-03 13:50:00,112656.0,102855.0
2026-04-03 14:00:00,107322.0,102629.0
2026-04-03 14:10:00,103949.0,101988.0
2026-04-03 14:20:00,106472.0,101945.0
2026-04-03 14:30:00,106156.0,100240.0
2026-04-03 14:40:00,100985.0,100906.0
2026-04-03 14:50:00,102395.0,100256.0
2026-04-03 15:00:00,99799.0,98125.0
2026-04-03 15:10:00,95984.0,96403.0
2026-04-03 15:20:00,92036.0,97583.0
2026-04-03 15:30:00,88447.0,94804.0
2026-04-03 15:40:00,87782.0,93230.0
2026-04-03 15:50:00,85188.0,92965.0
2026-04-03 16:00:00,81137.0,92088.0
2026-04-03 16:10:00,79399.0,92079.0
2026-04-03 16:20:00,79183.0,90427.0
2026-04-03 16:30:00,76454.0,88574.0
2026-04-03 16:40:00,75008.0,87937.0
2026-04-03 16:50:00,75667.0,87244.0
2026-04-03 17:00:00,72518.0,85466.0
2026-04-03 17:10:00,73002.0,83068.0
2026-04-03 17:20:00,72094.0,81265.0
2026-04-03 17:30:00,73039.0,80194.0
2026-04-03 17:40:00,71135.0,79819.0
2026-04-03 17:50:00,70271.0,78700.0
2026-04-03 18:00:00,68845.0,76327.0
2026-04-03 18:10:00,66024.0,75360.0
2026-04-03 18:20:00,65112.0,74420.0
2026-04-03 18:30:00,66915.0,73441.0
2026-04-03 18:40:00,64713.0,72135.0
2026-04-03 18:50:00,65476.0,71023.0
2026-04-03 19:00:00,64089.0,69429.0
2026-04-03 19:10:00,63305.0,68843.0
2026-04-03 19:20:00,62535.0,67769.0
2026-04-03 19:30:00,56903.0,66706.0
2026-04-03 19:40:00,50348.0,65284.0
2026-04-03 19:50:00,49456.0,64360.0
2026-04-03 20:00:00,51288.0,62460.0
2026-04-03 20:10:00,48585.0,59980.0
2026-04-03 20:20:00,47877.0,57903.0
2026-04-03 20:30:00,47043.0,55493.0
2026-04-03 20:40:00,44040.0,53477.0
2026-04-03 20:50:00,44808.0,51472.0
2026-04-03 21:00:00,45685.0,48455.0
2026-04-03 21:10:00,45135.0,47397.0
2026-04-03 21:20:00,44896.0,46291.0
2026-04-03 21:30:00,44648.0,45127.0
2026-04-03 21:40:00,44063.0,44819.0
2026-04-03 21:50:00,44232.0,44320.0
2026-04-03 22:00:00,43836.0,41324.0
2026-04-03 22:10:00,43556.0,40999.0
2026-04-03 22:20:00,43275.0,40876.0
2026-04-03 22:30:00,44634.0,40744.0
2026-04-03 22:40:00,44556.0,41026.0
2026-04-03 22:50:00,42889.0,40908.0
2026-04-03 23:00:00,42431.0,41146.0
2026-04-03 23:10:00,43038.0,41254.0
2026-04-03 23:20:00,43462.0,41112.0
2026-04-03 23:30:00,42983.0,41216.0
2026-04-03 23:40:00,42503.0,40836.0
2026-04-03 23:50:00,43834.0,41536.0
2026-04-04 00:00:00,43091.0,41207.0
2026-04-04 00:10:00,43138.0,41539.0
2026-04-04 00:20:00,42916.0,40905.0
2026-04-04 00:30:00,43695.0,41482.0
2026-04-04 00:40:00,42486.0,41371.0
2026-04-04 00:50:00,45141.0,41869.0
2026-04-04 01:00:00,43317.0,41948.0
2026-04-04 01:10:00,43680.0,41674.0
2026-04-04 01:20:00,42864.0,42210.0
2026-04-04 01:30:00,44268.0,42091.0
2026-04-04 01:40:00,44141.0,42253.0
2026-04-04 01:50:00,42721.0,42311.0
2026-04-04 02:00:00,44095.0,43365.0
2026-04-04 02:10:00,44497.0,43050.0
2026-04-04 02:20:00,44669.0,43169.0
2026-04-04 02:30:00,46839.0,44097.0
2026-04-04 02:40:00,47445.0,44636.0
2026-04-04 02:50:00,47462.0,45863.0
2026-04-04 03:00:00,47813.0,47516.0
2026-04-04 03:10:00,48029.0,47738.0
2026-04-04 03:20:00,47316.0,47865.0
2026-04-04 03:30:00,46410.0,48320.0
2026-04-04 03:40:00,47394.0,48358.0
2026-04-04 03:50:00,46773.0,49644.0
2026-04-04 04:00:00,48277.0,49975.0
2026-04-04 04:10:00,47177.0,50391.0
2026-04-04 04:20:00,47824.0,50158.0
2026-04-04 04:30:00,48098.0,50985.0
2026-04-04 04:40:00,48411.0,51273.0
2026-04-04 04:50:00,51018.0,52155.0
2026-04-04 05:00:00,50561.0,53567.0
2026-04-04 05:10:00,52966.0,55158.0
2026-04-04 05:20:00,54921.0,55357.0
2026-04-04 05:30:00,57889.0,56691.0
2026-04-04 05:40:00,60359.0,58919.0
2026-04-04 05:50:00,62878.0,62299.0
2026-04-04 06:00:00,59597.0,62427.0
2026-04-04 06:10:00,58254.0,62717.0
2026-04-04 06:20:00,58749.0,63707.0
2026-04-04 06:30:00,60797.0,64457.0
2026-04-04 06:40:00,62360.0,69493.0
2026-04-04 06:50:00,60779.0,71765.0
2026-04-04 07:00:00,60692.0,74269.0
2026-04-04 07:10:00,59402.0,75371.0
2026-04-04 07:20:00,60568.0,77534.0
2026-04-04 07:30:00,58110.0,77217.0
2026-04-04 07:40:00,59110.0,79661.0
2026-04-04 07:50:00,57524.0,80121.0
2026-04-04 08:00:00,59527.0,82094.0
2026-04-04 08:10:00,60483.0,82546.0
2026-04-04 08:20:00,60748.0,81723.0
2026-04-04 08:30:00,61159.0,82659.0
2026-04-04 08:40:00,57758.0,80954.0
2026-04-04 08:50:00,58498.0,80794.0
2026-04-04 09:00:00,57631.0,79938.0
2026-04-04 09:10:00,58216.0,79522.0
2026-04-04 09:20:00,59483.0,79192.0
2026-04-04 09:30:00,58178.0,77433.0
2026-04-04 09:40:00,56809.0,79802.0
2026-04-04 09:50:00,58887.0,79942.0
2026-04-04 10:00:00,61040.0,78810.0
2026-04-04 10:10:00,55372.0,79237.0
2026-04-04 10:20:00,54295.0,75191.0
2026-04-04 10:30:00,50484.0,74341.0
2026-04-04 10:40:00,55461.0,74477.0
2026-04-04 10:50:00,54849.0,73617.0
2026-04-04 11:00:00,54953.0,74326.0
2026-04-04 11:10:00,51865.0,75917.0
2026-04-04 11:20:00,54436.0,77593.0
2026-04-04 11:30:00,51709.0,75202.0
2026-04-04 11:40:00,50574.0,72790.0
2026-04-04 11:50:00,54866.0,75437.0
2026-04-04 12:00:00,54706.0,74258.0
2026-04-04 12:10:00,57524.0,73505.0
2026-04-04 12:20:00,57310.0,71909.0
2026-04-04 12:30:00,55268.0,74748.0
2026-04-04 12:40:00,54935.0,77616.0
2026-04-04 12:50:00,56146.0,78863.0
2026-04-04 13:00:00,55925.0,76869.0
2026-04-04 13:10:00,54476.0,75662.0
2026-04-04 13:20:00,53756.0,75619.0
2026-04-04 13:30:00,56350.0,75645.0
2026-04-04 13:40:00,54842.0,75705.0
2026-04-04 13:50:00,55254.0,77583.0
2026-04-04 14:00:00,55372.0,77906.0
2026-04-04 14:10:00,54022.0,78281.0
2026-04-04 14:20:00,51129.0,76563.0
2026-04-04 14:30:00,53724.0,76697.0
2026-04-04 14:40:00,53375.0,75421.0
2026-04-04 14:50:00,49145.0,75155.0
2026-04-04 15:00:00,51946.0,73698.0
2026-04-04 15:10:00,47528.0,70770.0
2026-04-04 15:20:00,51670.0,67618.0
2026-04-04 15:30:00,50830.0,65444.0
2026-04-04 15:40:00,50196.0,63005.0
2026-04-04 15:50:00,47657.0,62020.0
2026-04-04 16:00:00,47800.0,60483.0
2026-04-04 16:10:00,48190.0,61069.0
2026-04-04 16:20:00,46235.0,60044.0
2026-04-04 16:30:00,46345.0,58298.0
2026-04-04 16:40:00,43199.0,58914.0
2026-04-04 16:50:00,41859.0,57757.0
2026-04-04 17:00:00,40662.0,54775.0
2026-04-04 17:10:00,43194.0,52927.0
2026-04-04 17:20:00,43235.0,52190.0
2026-04-04 17:30:00,43097.0,50751.0
2026-04-04 17:40:00,43638.0,50653.0
2026-04-04 17:50:00,42579.0,50155.0
2026-04-04 18:00:00,43365.0,49023.0
2026-04-04 18:10:00,43460.0,48691.0
2026-04-04 18:20:00,45568.0,48454.0
2026-04-04 18:30:00,45265.0,48048.0
2026-04-04 18:40:00,45415.0,47921.0
2026-04-04 18:50:00,44885.0,47767.0
2026-04-04 19:00:00,44178.0,47483.0
2026-04-04 19:10:00,44507.0,47507.0
2026-04-04 19:20:00,44428.0,47408.0
2026-04-04 19:30:00,44247.0,47448.0
2026-04-04 19:40:00,44742.0,46972.0
2026-04-04 19:50:00,44540.0,46587.0
2026-04-04 20:00:00,43532.0,46070.0
2026-04-04 20:10:00,44317.0,45644.0
2026-04-04 20:20:00,44724.0,45416.0
2026-04-04 20:30:00,42199.0,44951.0
2026-04-04 20:40:00,41497.0,44563.0
2026-04-04 20:50:00,41929.0,44143.0
2026-04-04 21:00:00,42441.0,43898.0
2026-04-04 21:10:00,41517.0,43671.0
2026-04-04 21:20:00,44451.0,43563.0
2026-04-04 21:30:00,42003.0,43297.0
2026-04-04 21:40:00,43255.0,43487.0
2026-04-04 21:50:00,41964.0,43248.0
2026-04-04 22:00:00,41255.0,42386.0
2026-04-04 22:10:00,41325.0,41983.0
2026-04-04 22:20:00,41993.0,41890.0
2026-04-04 22:30:00,41093.0,42264.0
2026-04-04 22:40:00,41030.0,42283.0
2026-04-04 22:50:00,42015.0,42016.0
2026-04-04 23:00:00,41309.0,41939.0
2026-04-04 23:10:00,42104.0,42030.0
2026-04-04 23:20:00,40457.0,41956.0
2026-04-04 23:30:00,41774.0,41798.0
2026-04-04 23:40:00,42152.0,41235.0
2026-04-04 23:50:00,41839.0,42396.0
2026-04-05 00:00:00,41174.0,41689.0
2026-04-05 00:10:00,41920.0,41920.0
2026-04-05 00:20:00,41037.0,41506.0
2026-04-05 00:30:00,41758.0,42275.0
2026-04-05 00:40:00,40950.0,41595.0
2026-04-05 00:50:00,40663.0,42114.0
2026-04-05 01:00:00,42266.0,41472.0
2026-04-05 01:10:00,42718.0,41572.0
2026-04-05 01:20:00,41029.0,41572.0
2026-04-05 01:30:00,41490.0,41904.0
2026-04-05 01:40:00,42978.0,41902.0
2026-04-05 01:50:00,40746.0,41673.0
2026-04-05 02:00:00,41139.0,42386.0
2026-04-05 02:10:00,41745.0,42306.0
2026-04-05 02:20:00,41150.0,42518.0
2026-04-05 02:30:00,41220.0,43292.0
2026-04-05 02:40:00,41712.0,43625.0
2026-04-05 02:50:00,41383.0,43864.0
2026-04-05 03:00:00,41732.0,43666.0
2026-04-05 03:10:00,41425.0,43611.0
2026-04-05 03:20:00,41608.0,43514.0
2026-04-05 03:30:00,41827.0,43092.0
2026-04-05 03:40:00,41451.0,43098.0
2026-04-05 03:50:00,41986.0,42435.0
2026-04-05 04:00:00,43314.0,42982.0
2026-04-05 04:10:00,40716.0,42741.0
2026-04-05 04:20:00,41777.0,43010.0
2026-04-05 04:30:00,42338.0,43114.0
2026-04-05 04:40:00,41391.0,43374.0
2026-04-05 04:50:00,42346.0,43946.0
2026-04-05 05:00:00,42239.0,43233.0
2026-04-05 05:10:00,42303.0,43558.0
2026-04-05 05:20:00,41121.0,43775.0
2026-04-05 05:30:00,41819.0,44124.0
2026-04-05 05:40:00,41640.0,44326.0
2026-04-05 05:50:00,41809.0,44805.0
2026-04-05 06:00:00,41612.0,43667.0
2026-04-05 06:10:00,41775.0,43307.0
2026-04-05 06:20:00,40283.0,43288.0
2026-04-05 06:30:00,42018.0,43860.0
2026-04-05 06:40:00,42265.0,44765.0
2026-04-05 06:50:00,42449.0,44797.0
2026-04-05 07:00:00,41943.0,44527.0
2026-04-05 07:10:00,40643.0,44011.0
2026-04-05 07:20:00,42849.0,44461.0
2026-04-05 07:30:00,40950.0,44062.0
2026-04-05 07:40:00,41375.0,44382.0
2026-04-05 07:50:00,40053.0,44240.0
2026-04-05 08:00:00,40180.0,44891.0
2026-04-05 08:10:00,41242.0,45386.0
2026-04-05 08:20:00,40308.0,44930.0
2026-04-05 08:30:00,39923.0,45158.0
2026-04-05 08:40:00,39214.0,43771.0
2026-04-05 08:50:00,38712.0,44381.0
2026-04-05 09:00:00,38405.0,43906.0
2026-04-05 09:10:00,39104.0,44165.0
2026-04-05 09:20:00,41263.0,43743.0
2026-04-05 09:30:00,41620.0,43552.0
2026-04-05 09:40:00,38433.0,43185.0
2026-04-05 09:50:00,39181.0,43992.0
2026-04-05 10:00:00,38824.0,44393.0
2026-04-05 10:10:00,40126.0,42631.0
2026-04-05 10:20:00,41545.0,42596.0
2026-04-05 10:30:00,40595.0,41104.0
2026-04-05 10:40:00,39874.0,42492.0
2026-04-05 10:50:00,37351.0,42811.0
2026-04-05 11:00:00,39764.0,42782.0
2026-04-05 11:10:00,37044.0,41689.0
2026-04-05 11:20:00,36437.0,42477.0
2026-04-05 11:30:00,33462.0,41845.0
2026-04-05 11:40:00,28447.0,41469.0
2026-04-05 11:50:00,29869.0,43031.0
2026-04-05 12:00:00,36726.0,43542.0
2026-04-05 12:10:00,30546.0,44687.0
2026-04-05 12:20:00,34903.0,44973.0
2026-04-05 12:30:00,31573.0,44362.0
2026-04-05 12:40:00,29818.0,44405.0
2026-04-05 12:50:00,29306.0,44780.0
2026-04-05 13:00:00,29867.0,44343.0
2026-04-05 13:10:00,30265.0,44335.0
2026-04-05 13:20:00,27555.0,44128.0
2026-04-05 13:30:00,28103.0,45204.0
2026-04-05 13:40:00,25780.0,44394.0
2026-04-05 13:50:00,30066.0,44770.0
2026-04-05 14:00:00,30464.0,44980.0
2026-04-05 14:10:00,29606.0,44593.0
2026-04-05 14:20:00,28223.0,43663.0
2026-04-05 14:30:00,30099.0,44512.0
2026-04-05 14:40:00,30734.0,44544.0
2026-04-05 14:50:00,30309.0,43276.0
2026-04-05 15:00:00,32374.0,44202.0
2026-04-05 15:10:00,31876.0,42898.0
2026-04-05 15:20:00,32153.0,44440.0
2026-04-05 15:30:00,33022.0,44339.0
2026-04-05 15:40:00,35258.0,44506.0
2026-04-05 15:50:00,32234.0,43842.0
2026-04-05 16:00:00,33376.0,44019.0
2026-04-05 16:10:00,34205.0,44180.0
2026-04-05 16:20:00,35807.0,43730.0
2026-04-05 16:30:00,35649.0,43760.0
2026-04-05 16:40:00,34650.0,42913.0
2026-04-05 16:50:00,35466.0,42771.0
2026-04-05 17:00:00,37981.0,42743.0
2026-04-05 17:10:00,38313.0,43531.0
2026-04-05 17:20:00,39491.0,43592.0
2026-04-05 17:30:00,41045.0,43931.0
2026-04-05 17:40:00,42230.0,44033.0
2026-04-05 17:50:00,41444.0,43937.0
2026-04-05 18:00:00,41619.0,44416.0
2026-04-05 18:10:00,40737.0,44572.0
2026-04-05 18:20:00,41172.0,45442.0
2026-04-05 18:30:00,41316.0,45440.0
2026-04-05 18:40:00,41353.0,45723.0
2026-04-05 18:50:00,40575.0,45707.0
2026-04-05 19:00:00,41014.0,45880.0
2026-04-05 19:10:00,41147.0,46128.0
2026-04-05 19:20:00,40363.0,46235.0
2026-04-05 19:30:00,40674.0,46434.0
2026-04-05 19:40:00,40087.0,46564.0
2026-04-05 19:50:00,40155.0,46566.0
2026-04-05 20:00:00,41963.0,46067.0
2026-04-05 20:10:00,42395.0,45873.0
2026-04-05 20:20:00,41723.0,45581.0
2026-04-05 20:30:00,41200.0,44509.0
2026-04-05 20:40:00,41866.0,44093.0
2026-04-05 20:50:00,41510.0,43959.0
2026-04-05 21:00:00,40973.0,44327.0
2026-04-05 21:10:00,41338.0,44057.0
2026-04-05 21:20:00,41283.0,44519.0
2026-04-05 21:30:00,41498.0,44035.0
2026-04-05 21:40:00,40567.0,44496.0
2026-04-05 21:50:00,39794.0,44115.0
2026-04-05 22:00:00,41190.0,44428.0
2026-04-05 22:10:00,42002.0,44157.0
2026-04-05 22:20:00,40902.0,44089.0
2026-04-05 22:30:00,40412.0,43574.0
2026-04-05 22:40:00,41926.0,43652.0
2026-04-05 22:50:00,41192.0,44311.0
2026-04-05 23:00:00,40283.0,44291.0
2026-04-05 23:10:00,40619.0,44299.0
2026-04-05 23:20:00,40726.0,44062.0
2026-04-05 23:30:00,41786.0,44631.0
2026-04-05 23:40:00,40803.0,44914.0
2026-04-05 23:50:00,41794.0,44448.0
2026-04-06 00:00:00,40291.0,44958.0
2026-04-06 00:10:00,40961.0,45258.0
2026-04-06 00:20:00,40914.0,45423.0
2026-04-06 00:30:00,41543.0,45438.0
2026-04-06 00:40:00,39829.0,46167.0
2026-04-06 00:50:00,40692.0,45440.0
2026-04-06 01:00:00,42183.0,47134.0
2026-04-06 01:10:00,42724.0,46758.0
2026-04-06 01:20:00,42429.0,47926.0
2026-04-06 01:30:00,41731.0,47633.0
2026-04-06 01:40:00,42455.0,48009.0
2026-04-06 01:50:00,43317.0,48915.0
2026-04-06 02:00:00,43197.0,48817.0
2026-04-06 02:10:00,42637.0,48994.0
2026-04-06 02:20:00,43328.0,49204.0
2026-04-06 02:30:00,44445.0,48467.0
2026-04-06 02:40:00,44365.0,47760.0
2026-04-06 02:50:00,44651.0,48253.0
2026-04-06 03:00:00,47822.0,48739.0
2026-04-06 03:10:00,46522.0,50197.0
2026-04-06 03:20:00,46503.0,49973.0
2026-04-06 03:30:00,46839.0,50073.0
2026-04-06 03:40:00,47808.0,50284.0
2026-04-06 03:50:00,47555.0,51442.0
2026-04-06 04:00:00,47425.0,50924.0
2026-04-06 04:10:00,46795.0,51677.0
2026-04-06 04:20:00,47382.0,52249.0
2026-04-06 04:30:00,47747.0,53069.0
2026-04-06 04:40:00,48240.0,53363.0
2026-04-06 04:50:00,46404.0,52101.0
2026-04-06 05:00:00,49307.0,53010.0
2026-04-06 05:10:00,51241.0,52591.0
2026-04-06 05:20:00,50934.0,51649.0
2026-04-06 05:30:00,49066.0,51095.0
2026-04-06 05:40:00,48025.0,50884.0
2026-04-06 05:50:00,47667.0,49823.0
2026-04-06 06:00:00,48418.0,49964.0
2026-04-06 06:10:00,48255.0,50281.0
2026-04-06 06:20:00,47024.0,51031.0
2026-04-06 06:30:00,48138.0,51164.0
2026-04-06 06:40:00,48559.0,51387.0
2026-04-06 06:50:00,49019.0,52903.0
2026-04-06 07:00:00,47031.0,53114.0
2026-04-06 07:10:00,48151.0,54730.0
2026-04-06 07:20:00,48764.0,55135.0
2026-04-06 07:30:00,47945.0,57154.0
2026-04-06 07:40:00,45931.0,58731.0
2026-04-06 07:50:00,46620.0,60904.0
2026-04-06 08:00:00,48950.0,55929.0
2026-04-06 08:10:00,48520.0,54020.0
2026-04-06 08:20:00,45307.0,51168.0
2026-04-06 08:30:00,43901.0,51225.0
2026-04-06 08:40:00,44182.0,51991.0
2026-04-06 08:50:00,43095.0,53364.0
2026-04-06 09:00:00,42938.0,52252.0
2026-04-06 09:10:00,41334.0,55396.0
2026-04-06 09:20:00,41393.0,53587.0
2026-04-06 09:30:00,42053.0,50960.0
2026-04-06 09:40:00,40963.0,50904.0
2026-04-06 09:50:00,39740.0,48683.0
2026-04-06 10:00:00,40658.0,48118.0
2026-04-06 10:10:00,40096.0,49938.0
2026-04-06 10:20:00,39820.0,47528.0
2026-04-06 10:30:00,39099.0,48740.0
2026-04-06 10:40:00,37827.0,46795.0
2026-04-06 10:50:00,41782.0,44367.0
2026-04-06 11:00:00,38352.0,45258.0
2026-04-06 11:10:00,36768.0,45258.0
2026-04-06 11:20:00,36016.0,45090.0
2026-04-06 11:30:00,36128.0,42944.0
2026-04-06 11:40:00,36327.0,42482.0
2026-04-06 11:50:00,37303.0,41902.0
2026-04-06 12:00:00,34274.0,42650.0
2026-04-06 12:10:00,34402.0,41711.0
2026-04-06 12:20:00,36420.0,40665.0
2026-04-06 12:30:00,36272.0,42936.0
2026-04-06 12:40:00,35681.0,41812.0
2026-04-06 12:50:00,35491.0,38811.0
2026-04-06 13:00:00,36222.0,39254.0
2026-04-06 13:10:00,36781.0,40608.0
2026-04-06 13:20:00,36258.0,39205.0
2026-04-06 13:30:00,33940.0,38951.0
2026-04-06 13:40:00,37150.0,39178.0
2026-04-06 13:50:00,36830.0,39934.0
2026-04-06 14:00:00,36709.0,38029.0
2026-04-06 14:10:00,35517.0,38766.0
2026-04-06 14:20:00,36483.0,39703.0
2026-04-06 14:30:00,37109.0,37611.0
2026-04-06 14:40:00,38098.0,37128.0
2026-04-06 14:50:00,37761.0,38779.0
2026-04-06 15:00:00,37286.0,38563.0
2026-04-06 15:10:00,39572.0,39427.0
2026-04-06 15:20:00,39193.0,36404.0
2026-04-06 15:30:00,39991.0,38088.0
2026-04-06 15:40:00,38308.0,38118.0
2026-04-06 15:50:00,40008.0,38287.0
2026-04-06 16:00:00,40772.0,37295.0
2026-04-06 16:10:00,41820.0,40079.0
2026-04-06 16:20:00,40653.0,43779.0
2026-04-06 16:30:00,41795.0,44779.0
2026-04-06 16:40:00,43182.0,46390.0
2026-04-06 16:50:00,45428.0,46838.0
2026-04-06 17:00:00,41277.0,48756.0
2026-04-06 17:10:00,42161.0,48433.0
2026-04-06 17:20:00,43451.0,49183.0
2026-04-06 17:30:00,45634.0,49950.0
2026-04-06 17:40:00,45109.0,48810.0
2026-04-06 17:50:00,46240.0,50059.0
2026-04-06 18:00:00,44272.0,50287.0
2026-04-06 18:10:00,43370.0,49937.0
2026-04-06 18:20:00,42956.0,49442.0
2026-04-06 18:30:00,44393.0,50029.0
2026-04-06 18:40:00,43754.0,49996.0
2026-04-06 18:50:00,45697.0,50480.0
2026-04-06 19:00:00,43868.0,50765.0
2026-04-06 19:10:00,43134.0,50365.0
2026-04-06 19:20:00,42184.0,49783.0
2026-04-06 19:30:00,43442.0,49614.0
2026-04-06 19:40:00,43351.0,48501.0
2026-04-06 19:50:00,45618.0,46989.0
2026-04-06 20:00:00,42462.0,45191.0
2026-04-06 20:10:00,42375.0,44593.0
2026-04-06 20:20:00,43916.0,44524.0
2026-04-06 20:30:00,41836.0,44982.0
2026-04-06 20:40:00,40387.0,44350.0
2026-04-06 20:50:00,40183.0,44403.0
2026-04-06 21:00:00,41393.0,44543.0
2026-04-06 21:10:00,41947.0,44692.0
2026-04-06 21:20:00,42131.0,43723.0
2026-04-06 21:30:00,40559.0,44078.0
2026-04-06 21:40:00,41836.0,43604.0
2026-04-06 21:50:00,42346.0,43430.0
2026-04-06 22:00:00,42224.0,42495.0
2026-04-06 22:10:00,39664.0,42754.0
2026-04-06 22:20:00,40207.0,42640.0
2026-04-06 22:30:00,41284.0,42193.0
2026-04-06 22:40:00,41499.0,42299.0
2026-04-06 22:50:00,38979.0,42048.0
2026-04-06 23:00:00,40338.0,42077.0
2026-04-06 23:10:00,40944.0,42117.0
2026-04-06 23:20:00,41422.0,41857.0
2026-04-06 23:30:00,40395.0,42154.0
2026-04-06 23:40:00,41055.0,41973.0
2026-04-06 23:50:00,41002.0,42157.0
2026-04-07 00:00:00,42285.0,41943.0
2026-04-07 00:10:00,40928.0,42231.0
2026-04-07 00:20:00,40009.0,41976.0
2026-04-07 00:30:00,41718.0,42482.0
2026-04-07 00:40:00,40861.0,41949.0
2026-04-07 00:50:00,41819.0,42506.0
2026-04-07 01:00:00,40313.0,42579.0
2026-04-07 01:10:00,40834.0,42649.0
2026-04-07 01:20:00,41479.0,42670.0
2026-04-07 01:30:00,40822.0,42644.0
2026-04-07 01:40:00,40035.0,42942.0
2026-04-07 01:50:00,42189.0,42947.0
2026-04-07 02:00:00,43713.0,43754.0
2026-04-07 02:10:00,44795.0,43770.0
2026-04-07 02:20:00,42964.0,44120.0
2026-04-07 02:30:00,46206.0,45310.0
2026-04-07 02:40:00,47936.0,46382.0
2026-04-07 02:50:00,51002.0,48280.0
2026-04-07 03:00:00,54280.0,52111.0
2026-04-07 03:10:00,56077.0,52791.0
2026-04-07 03:20:00,59933.0,54618.0
2026-04-07 03:30:00,62641.0,56678.0
2026-04-07 03:40:00,66037.0,58573.0
2026-04-07 03:50:00,67222.0,60946.0
2026-04-07 04:00:00,68143.0,62912.0
2026-04-07 04:10:00,68360.0,64690.0
2026-04-07 04:20:00,69883.0,65867.0
2026-04-07 04:30:00,68330.0,67649.0
2026-04-07 04:40:00,66910.0,70115.0
2026-04-07 04:50:00,67058.0,70525.0
2026-04-07 05:00:00,79893.0,72676.0
2026-04-07 05:10:00,75447.0,75129.0
2026-04-07 05:20:00,77195.0,77743.0
2026-04-07 05:30:00,75494.0,78209.0
2026-04-07 05:40:00,81546.0,79232.0
2026-04-07 05:50:00,89409.0,82021.0
2026-04-07 06:00:00,91049.0,85054.0
2026-04-07 06:10:00,95633.0,87883.0
2026-04-07 06:20:00,106271.0,88053.0
2026-04-07 06:30:00,109847.0,89942.0
2026-04-07 06:40:00,112659.0,93492.0
2026-04-07 06:50:00,119936.0,98059.0
2026-04-07 07:00:00,121146.0,99651.0
2026-04-07 07:10:00,127047.0,102360.0
2026-04-07 07:20:00,123306.0,105004.0
2026-04-07 07:30:00,119827.0,109239.0
2026-04-07 07:40:00,124434.0,106615.0
2026-04-07 07:50:00,128920.0,107241.0
2026-04-07 08:00:00,123272.0,107126.0
2026-04-07 08:10:00,129737.0,105606.0
2026-04-07 08:20:00,133313.0,105435.0
2026-04-07 08:30:00,134890.0,106990.0
2026-04-07 08:40:00,125158.0,108824.0
2026-04-07 08:50:00,122894.0,109630.0
2026-04-07 09:00:00,127109.0,109161.0
2026-04-07 09:10:00,128437.0,109763.0
2026-04-07 09:20:00,122120.0,109968.0
2026-04-07 09:30:00,118460.0,109945.0
2026-04-07 09:40:00,119287.0,111914.0
2026-04-07 09:50:00,120273.0,112137.0
2026-04-07 10:00:00,112482.0,112256.0
2026-04-07 10:10:00,110868.0,113595.0
2026-04-07 10:20:00,107199.0,111622.0
2026-04-07 10:30:00,106419.0,112354.0
2026-04-07 10:40:00,102932.0,109420.0
2026-04-07 10:50:00,102661.0,112339.0
2026-04-07 11:00:00,104165.0,111490.0
2026-04-07 11:10:00,103212.0,112348.0
2026-04-07 11:20:00,105836.0,110908.0
2026-04-07 11:30:00,100879.0,111015.0
2026-04-07 11:40:00,104575.0,109231.0
2026-04-07 11:50:00,104611.0,109108.0
2026-04-07 12:00:00,99874.0,106907.0
2026-04-07 12:10:00,104452.0,106997.0
2026-04-07 12:20:00,98166.0,106290.0
2026-04-07 12:30:00,99145.0,107148.0
2026-04-07 12:40:00,99271.0,107850.0
2026-04-07 12:50:00,96052.0,108653.0
2026-04-07 13:00:00,99502.0,106166.0
2026-04-07 13:10:00,98269.0,105474.0
2026-04-07 13:20:00,99570.0,103810.0
2026-04-07 13:30:00,96982.0,100880.0
2026-04-07 13:40:00,97611.0,103285.0
2026-04-07 13:50:00,97228.0,102788.0
2026-04-07 14:00:00,97194.0,101436.0
2026-04-07 14:10:00,100566.0,99101.0
2026-04-07 14:20:00,101006.0,97490.0
2026-04-07 14:30:00,99979.0,97806.0
2026-04-07 14:40:00,97358.0,95618.0
2026-04-07 14:50:00,92215.0,94617.0
2026-04-07 15:00:00,90406.0,92457.0
2026-04-07 15:10:00,88624.0,89929.0
2026-04-07 15:20:00,88727.0,86906.0
2026-04-07 15:30:00,87841.0,82968.0
2026-04-07 15:40:00,88853.0,79929.0
2026-04-07 15:50:00,85583.0,79459.0
2026-04-07 16:00:00,83422.0,77972.0
2026-04-07 16:10:00,81230.0,75827.0
2026-04-07 16:20:00,79901.0,72019.0
2026-04-07 16:30:00,79413.0,68953.0
2026-04-07 16:40:00,79174.0,68134.0
2026-04-07 16:50:00,80203.0,67848.0
2026-04-07 17:00:00,76546.0,64551.0
2026-04-07 17:10:00,77196.0,62805.0
2026-04-07 17:20:00,76889.0,61556.0
2026-04-07 17:30:00,80371.0,61113.0
2026-04-07 17:40:00,78101.0,60080.0
2026-04-07 17:50:00,76713.0,58832.0
2026-04-07 18:00:00,72827.0,55837.0
2026-04-07 18:10:00,70465.0,54039.0
2026-04-07 18:20:00,68360.0,52439.0
2026-04-07 18:30:00,68541.0,51793.0
2026-04-07 18:40:00,65256.0,50489.0
2026-04-07 18:50:00,65361.0,50420.0
2026-04-07 19:00:00,65573.0,48375.0
2026-04-07 19:10:00,63022.0,47874.0
2026-04-07 19:20:00,64411.0,46832.0
2026-04-07 19:30:00,61559.0,47028.0
2026-04-07 19:40:00,60351.0,47027.0
2026-04-07 19:50:00,59511.0,46814.0
2026-04-07 20:00:00,57725.0,44314.0
2026-04-07 20:10:00,58920.0,43865.0
2026-04-07 20:20:00,56858.0,43357.0
2026-04-07 20:30:00,54837.0,42359.0
2026-04-07 20:40:00,49942.0,42232.0
2026-04-07 20:50:00,49273.0,42126.0
2026-04-07 21:00:00,46466.0,42315.0
2026-04-07 21:10:00,46335.0,42387.0
2026-04-07 21:20:00,46914.0,41823.0
2026-04-07 21:30:00,46013.0,41862.0
2026-04-07 21:40:00,44952.0,41361.0
2026-04-07 21:50:00,45865.0,41164.0
2026-04-07 22:00:00,44491.0,40771.0
2026-04-07 22:10:00,45161.0,40391.0
2026-04-07 22:20:00,43828.0,40356.0
2026-04-07 22:30:00,45326.0,40581.0
2026-04-07 22:40:00,44653.0,40679.0
2026-04-07 22:50:00,42273.0,40147.0
2026-04-07 23:00:00,43155.0,40212.0
2026-04-07 23:10:00,42788.0,40451.0
2026-04-07 23:20:00,42311.0,40456.0
2026-04-07 23:30:00,40871.0,40362.0
2026-04-07 23:40:00,41261.0,40396.0
2026-04-07 23:50:00,41167.0,40505.0
2026-04-08 00:00:00,40663.0,40486.0
2026-04-08 00:10:00,40896.0,40265.0
2026-04-08 00:20:00,41378.0,40229.0
2026-04-08 00:30:00,41265.0,40774.0
2026-04-08 00:40:00,42063.0,40307.0
2026-04-08 00:50:00,41584.0,40504.0
2026-04-08 01:00:00,42372.0,40672.0
2026-04-08 01:10:00,42970.0,41125.0
2026-04-08 01:20:00,41774.0,40905.0
2026-04-08 01:30:00,42160.0,40910.0
2026-04-08 01:40:00,41404.0,41339.0
2026-04-08 01:50:00,42108.0,41478.0
2026-04-08 02:00:00,42583.0,42031.0
2026-04-08 02:10:00,43884.0,42551.0
2026-04-08 02:20:00,43076.0,42399.0
2026-04-08 02:30:00,48400.0,44046.0
2026-04-08 02:40:00,45879.0,45485.0
2026-04-08 02:50:00,50299.0,47485.0
2026-04-08 03:00:00,53385.0,50266.0
2026-04-08 03:10:00,57821.0,51553.0
2026-04-08 03:20:00,56990.0,53386.0
2026-04-08 03:30:00,59224.0,55086.0
2026-04-08 03:40:00,63705.0,58000.0
2026-04-08 03:50:00,66034.0,60313.0
2026-04-08 04:00:00,66595.0,61929.0
2026-04-08 04:10:00,65896.0,62476.0
2026-04-08 04:20:00,68737.0,64676.0
2026-04-08 04:30:00,67633.0,66103.0
2026-04-08 04:40:00,68644.0,66815.0
2026-04-08 04:50:00,69886.0,68347.0
2026-04-08 05:00:00,76448.0,70735.0
2026-04-08 05:10:00,75383.0,72286.0
2026-04-08 05:20:00,74185.0,73321.0
2026-04-08 05:30:00,78157.0,74650.0
2026-04-08 05:40:00,87511.0,76398.0
2026-04-08 05:50:00,91659.0,79664.0
2026-04-08 06:00:00,98748.0,81750.0
2026-04-08 06:10:00,101394.0,85210.0
2026-04-08 06:20:00,104406.0,87596.0
2026-04-08 06:30:00,105731.0,89264.0
2026-04-08 06:40:00,107022.0,93202.0
2026-04-08 06:50:00,110189.0,98397.0
2026-04-08 07:00:00,122691.0,104082.0
2026-04-08 07:10:00,119957.0,108316.0
2026-04-08 07:20:00,128071.0,110180.0
2026-04-08 07:30:00,130566.0,109806.0
2026-04-08 07:40:00,138843.0,115018.0
2026-04-08 07:50:00,132500.0,118567.0
2026-04-08 08:00:00,130960.0,114066.0
2026-04-08 08:10:00,126699.0,115112.0
2026-04-08 08:20:00,121023.0,114139.0
2026-04-08 08:30:00,118915.0,115001.0
2026-04-08 08:40:00,119993.0,109488.0
2026-04-08 08:50:00,120270.0,107426.0
2026-04-08 09:00:00,117018.0,108604.0
2026-04-08 09:10:00,115712.0,107527.0
2026-04-08 09:20:00,108901.0,102232.0
2026-04-08 09:30:00,110071.0,101379.0
2026-04-08 09:40:00,111123.0,101786.0
2026-04-08 09:50:00,118473.0,100947.0
2026-04-08 10:00:00,113552.0,96796.0
2026-04-08 10:10:00,102382.0,96313.0
2026-04-08 10:20:00,101679.0,93728.0
2026-04-08 10:30:00,100246.0,93064.0
2026-04-08 10:40:00,93340.0,91702.0
2026-04-08 10:50:00,92747.0,92159.0
2026-04-08 11:00:00,99437.0,92745.0
2026-04-08 11:10:00,96101.0,94328.0
2026-04-08 11:20:00,96397.0,93247.0
2026-04-08 11:30:00,95300.0,90298.0
2026-04-08 11:40:00,94441.0,87850.0
2026-04-08 11:50:00,101601.0,88130.0
2026-04-08 12:00:00,98436.0,92435.0
2026-04-08 12:10:00,103644.0,91159.0
2026-04-08 12:20:00,102180.0,91808.0
2026-04-08 12:30:00,100811.0,91642.0
2026-04-08 12:40:00,101968.0,92062.0
2026-04-08 12:50:00,100987.0,93642.0
2026-04-08 13:00:00,101597.0,90176.0
2026-04-08 13:10:00,98860.0,87856.0
2026-04-08 13:20:00,101491.0,88362.0
2026-04-08 13:30:00,99293.0,88572.0
2026-04-08 13:40:00,100041.0,85854.0
2026-04-08 13:50:00,97103.0,86807.0
2026-04-08 14:00:00,93272.0,86591.0
2026-04-08 14:10:00,94109.0,86160.0
2026-04-08 14:20:00,92898.0,84777.0
2026-04-08 14:30:00,90018.0,85474.0
2026-04-08 14:40:00,92700.0,84197.0
2026-04-08 14:50:00,89806.0,82812.0
2026-04-08 15:00:00,87672.0,82341.0
2026-04-08 15:10:00,86577.0,80275.0
2026-04-08 15:20:00,87490.0,80475.0
2026-04-08 15:30:00,87112.0,80356.0
2026-04-08 15:40:00,83195.0,81133.0
2026-04-08 15:50:00,84664.0,78702.0
2026-04-08 16:00:00,82669.0,77866.0
2026-04-08 16:10:00,84187.0,76188.0
2026-04-08 16:20:00,85968.0,75327.0
2026-04-08 16:30:00,83624.0,74243.0
2026-04-08 16:40:00,83891.0,73999.0
2026-04-08 16:50:00,82994.0,74359.0
2026-04-08 17:00:00,83148.0,72757.0
2026-04-08 17:10:00,82417.0,71675.0
2026-04-08 17:20:00,83869.0,70515.0
2026-04-08 17:30:00,84538.0,69867.0
2026-04-08 17:40:00,86241.0,69311.0
2026-04-08 17:50:00,85365.0,67976.0
2026-04-08 18:00:00,79354.0,65098.0
2026-04-08 18:10:00,74646.0,62860.0
2026-04-08 18:20:00,69242.0,60326.0
2026-04-08 18:30:00,70303.0,60123.0
2026-04-08 18:40:00,70392.0,57583.0
2026-04-08 18:50:00,71566.0,57315.0
2026-04-08 19:00:00,69468.0,55720.0
2026-04-08 19:10:00,61188.0,53876.0
2026-04-08 19:20:00,63504.0,53286.0
2026-04-08 19:30:00,60746.0,50996.0
2026-04-08 19:40:00,58190.0,48672.0
2026-04-08 19:50:00,55643.0,47610.0
2026-04-08 20:00:00,56734.0,46074.0
2026-04-08 20:10:00,56139.0,45236.0
2026-04-08 20:20:00,56358.0,43718.0
2026-04-08 20:30:00,58697.0,43309.0
2026-04-08 20:40:00,57001.0,41568.0
2026-04-08 20:50:00,54978.0,41732.0
2026-04-08 21:00:00,58895.0,41450.0
2026-04-08 21:10:00,58858.0,41530.0
2026-04-08 21:20:00,57069.0,41118.0
2026-04-08 21:30:00,57693.0,41071.0
2026-04-08 21:40:00,55349.0,40477.0
2026-04-08 21:50:00,54167.0,40251.0
2026-04-08 22:00:00,53076.0,40002.0
2026-04-08 22:10:00,46887.0,40118.0
2026-04-08 22:20:00,45960.0,39719.0
2026-04-08 22:30:00,47944.0,39921.0
2026-04-08 22:40:00,47144.0,39844.0
2026-04-08 22:50:00,46829.0,39230.0
2026-04-08 23:00:00,46426.0,39532.0
2026-04-08 23:10:00,46676.0,39552.0
2026-04-08 23:20:00,45447.0,39476.0
2026-04-08 23:30:00,44930.0,39293.0
2026-04-08 23:40:00,45070.0,39612.0
2026-04-08 23:50:00,44599.0,39431.0
2026-04-09 00:00:00,43777.0,39568.0
2026-04-09 00:10:00,42719.0,39574.0
2026-04-09 00:20:00,41497.0,39766.0
2026-04-09 00:30:00,44345.0,39766.0
2026-04-09 00:40:00,42215.0,39827.0
2026-04-09 00:50:00,43144.0,39678.0
2026-04-09 01:00:00,41526.0,40113.0
2026-04-09 01:10:00,43383.0,40278.0
2026-04-09 01:20:00,43610.0,39973.0
2026-04-09 01:30:00,44121.0,39824.0
2026-04-09 01:40:00,41683.0,39938.0
2026-04-09 01:50:00,41795.0,40237.0
2026-04-09 02:00:00,43357.0,40534.0
2026-04-09 02:10:00,43676.0,41003.0
2026-04-09 02:20:00,40991.0,40721.0
2026-04-09 02:30:00,43228.0,42718.0
2026-04-09 02:40:00,46990.0,42981.0
2026-04-09 02:50:00,49484.0,45399.0
2026-04-09 03:00:00,52564.0,48193.0
2026-04-09 03:10:00,55580.0,50074.0
2026-04-09 03:20:00,52479.0,51938.0
2026-04-09 03:30:00,54068.0,54002.0
2026-04-09 03:40:00,58963.0,56631.0
2026-04-09 03:50:00,60977.0,58118.0
2026-04-09 04:00:00,63234.0,60067.0
2026-04-09 04:10:00,63752.0,60794.0
2026-04-09 04:20:00,61502.0,62645.0
2026-04-09 04:30:00,64520.0,63255.0
2026-04-09 04:40:00,65118.0,65167.0
2026-04-09 04:50:00,67983.0,66138.0
2026-04-09 05:00:00,71620.0,70497.0
2026-04-09 05:10:00,72572.0,70808.0
2026-04-09 05:20:00,74941.0,73474.0
2026-04-09 05:30:00,79186.0,74428.0
2026-04-09 05:40:00,80880.0,79378.0
2026-04-09 05:50:00,82343.0,85941.0
2026-04-09 06:00:00,83940.0,88417.0
2026-04-09 06:10:00,90029.0,90200.0
2026-04-09 06:20:00,93766.0,94425.0
2026-04-09 06:30:00,96463.0,96408.0
2026-04-09 06:40:00,97280.0,99566.0
2026-04-09 06:50:00,102394.0,101746.0
2026-04-09 07:00:00,110408.0,105265.0
2026-04-09 07:10:00,109757.0,106984.0
2026-04-09 07:20:00,105762.0,107206.0
2026-04-09 07:30:00,109262.0,107053.0
2026-04-09 07:40:00,118273.0,110696.0
2026-04-09 07:50:00,123757.0,111262.0
2026-04-09 08:00:00,127203.0,106211.0
2026-04-09 08:10:00,127312.0,106171.0
2026-04-09 08:20:00,113173.0,106051.0
2026-04-09 08:30:00,114938.0,106494.0
2026-04-09 08:40:00,117412.0,103893.0
2026-04-09 08:50:00,116246.0,103942.0
2026-04-09 09:00:00,120195.0,104722.0
2026-04-09 09:10:00,121304.0,104470.0
2026-04-09 09:20:00,114403.0,99223.0
2026-04-09 09:30:00,127928.0,98000.0
2026-04-09 09:40:00,119042.0,98010.0
2026-04-09 09:50:00,108537.0,98171.0
2026-04-09 10:00:00,105880.0,93424.0
2026-04-09 10:10:00,102924.0,90474.0
2026-04-09 10:20:00,96528.0,88368.0
2026-04-09 10:30:00,93547.0,87475.0
2026-04-09 10:40:00,90382.0,85121.0
2026-04-09 10:50:00,90893.0,84881.0
2026-04-09 11:00:00,94417.0,85840.0
2026-04-09 11:10:00,94172.0,85327.0
2026-04-09 11:20:00,97788.0,85460.0
2026-04-09 11:30:00,99439.0,83479.0
2026-04-09 11:40:00,94700.0,84155.0
2026-04-09 11:50:00,92015.0,84796.0
2026-04-09 12:00:00,97584.0,82268.0
2026-04-09 12:10:00,96384.0,84324.0
2026-04-09 12:20:00,94842.0,82318.0
2026-04-09 12:30:00,94649.0,81595.0
2026-04-09 12:40:00,95398.0,81455.0
2026-04-09 12:50:00,102390.0,80959.0
2026-04-09 13:00:00,98526.0,81598.0
2026-04-09 13:10:00,99329.0,79909.0
2026-04-09 13:20:00,95833.0,80966.0
2026-04-09 13:30:00,99542.0,79059.0
2026-04-09 13:40:00,96190.0,79472.0
2026-04-09 13:50:00,93575.0,78020.0
2026-04-09 14:00:00,99435.0,77144.0
2026-04-09 14:10:00,98986.0,78097.0
2026-04-09 14:20:00,94270.0,78381.0
2026-04-09 14:30:00,94299.0,77395.0
2026-04-09 14:40:00,89259.0,77552.0
2026-04-09 14:50:00,90036.0,76326.0
2026-04-09 15:00:00,84642.0,75302.0
2026-04-09 15:10:00,77363.0,75634.0
2026-04-09 15:20:00,83517.0,75371.0
2026-04-09 15:30:00,86022.0,75694.0
2026-04-09 15:40:00,87202.0,75245.0
2026-04-09 15:50:00,86177.0,75538.0
2026-04-09 16:00:00,82920.0,75196.0
2026-04-09 16:10:00,83436.0,75635.0
2026-04-09 16:20:00,83348.0,75906.0
2026-04-09 16:30:00,83408.0,75834.0
2026-04-09 16:40:00,81257.0,76122.0
2026-04-09 16:50:00,80886.0,75997.0
2026-04-09 17:00:00,79802.0,74165.0
2026-04-09 17:10:00,78104.0,73571.0
2026-04-09 17:20:00,81301.0,73366.0
2026-04-09 17:30:00,80551.0,73814.0
2026-04-09 17:40:00,80129.0,73138.0
2026-04-09 17:50:00,75676.0,72250.0
2026-04-09 18:00:00,73480.0,68934.0
2026-04-09 18:10:00,70943.0,66115.0
2026-04-09 18:20:00,69153.0,62984.0
2026-04-09 18:30:00,67819.0,62376.0
2026-04-09 18:40:00,67857.0,60690.0
2026-04-09 18:50:00,66879.0,60411.0
2026-04-09 19:00:00,63529.0,58102.0
2026-04-09 19:10:00,63831.0,54130.0
2026-04-09 19:20:00,63085.0,54391.0
2026-04-09 19:30:00,63737.0,51780.0
2026-04-09 19:40:00,61470.0,50577.0
2026-04-09 19:50:00,54782.0,49081.0
2026-04-09 20:00:00,47286.0,47422.0
2026-04-09 20:10:00,45511.0,46930.0
2026-04-09 20:20:00,45268.0,46294.0
2026-04-09 20:30:00,42318.0,45451.0
2026-04-09 20:40:00,42942.0,44124.0
2026-04-09 20:50:00,43778.0,43493.0
2026-04-09 21:00:00,43210.0,42969.0
2026-04-09 21:10:00,42418.0,42670.0
2026-04-09 21:20:00,42176.0,42532.0
2026-04-09 21:30:00,41477.0,41816.0
2026-04-09 21:40:00,41654.0,41255.0
2026-04-09 21:50:00,41735.0,41114.0
2026-04-09 22:00:00,42794.0,41973.0
2026-04-09 22:10:00,41880.0,41327.0
2026-04-09 22:20:00,41796.0,41114.0
2026-04-09 22:30:00,40743.0,41729.0
2026-04-09 22:40:00,42415.0,41744.0
2026-04-09 22:50:00,41440.0,41118.0
2026-04-09 23:00:00,42121.0,41084.0
2026-04-09 23:10:00,41873.0,41109.0
2026-04-09 23:20:00,41110.0,40999.0
2026-04-09 23:30:00,41733.0,40624.0
2026-04-09 23:40:00,41023.0,40722.0
2026-04-09 23:50:00,40816.0,40488.0
2026-04-10 00:00:00,,40325.0
2026-04-10 00:10:00,,39994.0
2026-04-10 00:20:00,,39912.0
2026-04-10 00:30:00,,40542.0
2026-04-10 00:40:00,,39982.0
2026-04-10 00:50:00,,40454.0
2026-04-10 01:00:00,,40193.0
2026-04-10 01:10:00,,40868.0
2026-04-10 01:20:00,,40783.0
2026-04-10 01:30:00,,40955.0
2026-04-10 01:40:00,,40509.0
2026-04-10 01:50:00,,40732.0
2026-04-10 02:00:00,,40818.0
2026-04-10 02:10:00,,41309.0
2026-04-10 02:20:00,,40792.0
2026-04-10 02:30:00,,42516.0
2026-04-10 02:40:00,,43682.0
2026-04-10 02:50:00,,46223.0
2026-04-10 03:00:00,,48819.0
2026-04-10 03:10:00,,51772.0
2026-04-10 03:20:00,,51875.0
2026-04-10 03:30:00,,54102.0
2026-04-10 03:40:00,,57953.0
2026-04-10 03:50:00,,59289.0
2026-04-10 04:00:00,,60773.0
2026-04-10 04:10:00,,61153.0
2026-04-10 04:20:00,,63146.0
2026-04-10 04:30:00,,63744.0
2026-04-10 04:40:00,,64179.0
2026-04-10 04:50:00,,65855.0
2026-04-10 05:00:00,,71069.0
2026-04-10 05:10:00,,71112.0
2026-04-10 05:20:00,,71513.0
2026-04-10 05:30:00,,73589.0
2026-04-10 05:40:00,,78218.0
2026-04-10 05:50:00,,80898.0
2026-04-10 06:00:00,,84084.0
2026-04-10 06:10:00,,87843.0
2026-04-10 06:20:00,,92596.0
2026-04-10 06:30:00,,95108.0
2026-04-10 06:40:00,,96115.0
2026-04-10 06:50:00,,100105.0
2026-04-10 07:00:00,,105644.0
2026-04-10 07:10:00,,106049.0
2026-04-10 07:20:00,,107162.0
2026-04-10 07:30:00,,107895.0
2026-04-10 07:40:00,,112180.0
2026-04-10 07:50:00,,111916.0
2026-04-10 08:00:00,,111149.0
2026-04-10 08:10:00,,111733.0
2026-04-10 08:20:00,,108016.0
2026-04-10 08:30:00,,107399.0
2026-04-10 08:40:00,,105710.0
2026-04-10 08:50:00,,104389.0
2026-04-10 09:00:00,,104678.0
2026-04-10 09:10:00,,104418.0
2026-04-10 09:20:00,,99355.0
2026-04-10 09:30:00,,101311.0
2026-04-10 09:40:00,,99929.0
2026-04-10 09:50:00,,101372.0
2026-04-10 10:00:00,,96988.0
2026-04-10 10:10:00,,92443.0
2026-04-10 10:20:00,,90724.0
2026-04-10 10:30:00,,89591.0
2026-04-10 10:40:00,,87910.0
2026-04-10 10:50:00,,87616.0
2026-04-10 11:00:00,,89345.0
2026-04-10 11:10:00,,88075.0
2026-04-10 11:20:00,,89429.0
2026-04-10 11:30:00,,88452.0
2026-04-10 11:40:00,,88330.0
2026-04-10 11:50:00,,89839.0
2026-04-10 12:00:00,,88904.0
2026-04-10 12:10:00,,90101.0
2026-04-10 12:20:00,,88376.0
2026-04-10 12:30:00,,88244.0
2026-04-10 12:40:00,,88404.0
2026-04-10 12:50:00,,88490.0
2026-04-10 13:00:00,,88425.0
2026-04-10 13:10:00,,87675.0
2026-04-10 13:20:00,,87708.0
2026-04-10 13:30:00,,87390.0
2026-04-10 13:40:00,,87006.0
2026-04-10 13:50:00,,86062.0
2026-04-10 14:00:00,,86317.0
2026-04-10 14:10:00,,86791.0
2026-04-10 14:20:00,,85741.0
2026-04-10 14:30:00,,85444.0
2026-04-10 14:40:00,,84788.0
2026-04-10 14:50:00,,83437.0
2026-04-10 15:00:00,,82007.0
2026-04-10 15:10:00,,80731.0
2026-04-10 15:20:00,,81190.0
2026-04-10 15:30:00,,81188.0
2026-04-10 15:40:00,,81042.0
2026-04-10 15:50:00,,80526.0
2026-04-10 16:00:00,,79442.0
2026-04-10 16:10:00,,78771.0
2026-04-10 16:20:00,,78226.0
2026-04-10 16:30:00,,77539.0
2026-04-10 16:40:00,,77193.0
2026-04-10 16:50:00,,77373.0
2026-04-10 17:00:00,,75260.0
2026-04-10 17:10:00,,74921.0
2026-04-10 17:20:00,,75052.0
2026-04-10 17:30:00,,76007.0
2026-04-10 17:40:00,,74950.0
2026-04-10 17:50:00,,73806.0
2026-04-10 18:00:00,,71079.0
2026-04-10 18:10:00,,68619.0
2026-04-10 18:20:00,,66787.0
2026-04-10 18:30:00,,67568.0
2026-04-10 18:40:00,,65586.0
2026-04-10 18:50:00,,65623.0
2026-04-10 19:00:00,,64235.0
2026-04-10 19:10:00,,62086.0
2026-04-10 19:20:00,,62736.0
2026-04-10 19:30:00,,60385.0
2026-04-10 19:40:00,,57783.0
2026-04-10 19:50:00,,56437.0
2026-04-10 20:00:00,,54823.0
2026-04-10 20:10:00,,54377.0
2026-04-10 20:20:00,,53191.0
2026-04-10 20:30:00,,51789.0
2026-04-10 20:40:00,,50861.0
2026-04-10 20:50:00,,50551.0
2026-04-10 21:00:00,,50288.0
2026-04-10 21:10:00,,49640.0
2026-04-10 21:20:00,,49239.0
2026-04-10 21:30:00,,48792.0
2026-04-10 21:40:00,,48105.0
2026-04-10 21:50:00,,47517.0
