timestamp,value,quality
2026-04-06T00:00:00+0000,80989.0,0
2026-04-06T00:10:00+0000,79668.0,0
2026-04-06T00:20:00+0000,80195.0,0
2026-04-06T00:30:00+0000,79699.0,0
2026-04-06T00:40:00+0000,80547.0,0
2026-04-06T00:50:00+0000,80678.0,0
2026-04-06T01:00:00+0000,78992.0,0
2026-04-06T01:10:00+0000,81779.0,0
2026-04-06T01:20:00+0000,80106.0,0
2026-04-06T01:30:00+0000,80792.0,0
2026-04-06T01:40:00+0000,82790.0,0
2026-04-06T01:50:00+0000,80063.0,0
2026-04-06T02:00:00+0000,78887.0,0
2026-04-06T02:10:00+0000,78636.0,0
2026-04-06T02:20:00+0000,80767.0,0
2026-04-06T02:30:00+0000,81216.0,0
2026-04-06T02:40:00+0000,81528.0,0
2026-04-06T02:50:00+0000,79004.0,0
2026-04-06T03:00:00+0000,88031.0,0
2026-04-06T03:10:00+0000,87674.0,0
2026-04-06T03:20:00+0000,87020.0,0
2026-04-06T03:30:00+0000,88543.0,0
2026-04-06T03:40:00+0000,85758.0,0
2026-04-06T03:50:00+0000,87517.0,0
2026-04-06T04:00:00+0000,88634.0,0
2026-04-06T04:10:00+0000,92354.0,0
2026-04-06T04:20:00+0000,89246.0,0
2026-04-06T04:30:00+0000,89408.0,0
2026-04-06T04:40:00+0000,89462.0,0
2026-04-06T04:50:00+0000,88064.0,0
2026-04-06T05:00:00+0000,89447.0,0
2026-04-06T05:10:00+0000,88788.0,0
2026-04-06T05:20:00+0000,89393.0,0
2026-04-06T05:30:00+0000,88063.0,0
2026-04-06T05:40:00+0000,90186.0,0
2026-04-06T05:50:00+0000,89549.0,0
2026-04-06T06:00:00+0000,90339.0,0
2026-04-06T06:10:00+0000,90522.0,0
2026-04-06T06:20:00+0000,87493.0,0
2026-04-06T06:30:00+0000,88047.0,0
2026-04-06T06:40:00+0000,86578.0,0
2026-04-06T06:50:00+0000,89609.0,0
2026-04-06T07:00:00+0000,89393.0,0
2026-04-06T07:10:00+0000,89841.0,0
2026-04-06T07:20:00+0000,90459.0,0
2026-04-06T07:30:00+0000,90458.0,0
2026-04-06T07:40:00+0000,91049.0,0
2026-04-06T07:50:00+0000,89337.0,0
2026-04-06T08:00:00+0000,89953.0,0
2026-04-06T08:10:00+0000,87831.0,0
2026-04-06T08:20:00+0000,87071.0,0
2026-04-06T08:30:00+0000,88380.0,0
2026-04-06T08:40:00+0000,88316.0,0
2026-04-06T08:50:00+0000,90141.0,0
2026-04-06T09:00:00+0000,90466.0,0
2026-04-06T09:10:00+0000,89318.0,0
2026-04-06T09:20:00+0000,90041.0,0
2026-04-06T09:30:00+0000,89038.0,0
2026-04-06T09:40:00+0000,89585.0,0
2026-04-06T09:50:00+0000,87901.0,0
2026-04-06T10:00:00+0000,86646.0,0
2026-04-06T10:10:00+0000,87305.0,0
2026-04-06T10:20:00+0000,86645.0,0
2026-04-06T10:30:00+0000,88776.0,0
2026-04-06T10:40:00+0000,88805.0,0
2026-04-06T10:50:00+0000,89566.0,0
2026-04-06T11:00:00+0000,88032.0,0
2026-04-06T11:10:00+0000,89737.0,0
2026-04-06T11:20:00+0000,90250.0,0
2026-04-06T11:30:00+0000,92053.0,0
2026-04-06T11:40:00+0000,88711.0,0
2026-04-06T11:50:00+0000,88338.0,0
2026-04-06T12:00:00+0000,89346.0,0
2026-04-06T12:10:00+0000,90391.0,0
2026-04-06T12:20:00+0000,88110.0,0
2026-04-06T12:30:00+0000,90017.0,0
2026-04-06T12:40:00+0000,88594.0,0
2026-04-06T12:50:00+0000,92679.0,0
2026-04-06T13:00:00+0000,89312.0,0
2026-04-06T13:10:00+0000,87594.0,0
2026-04-06T13:20:00+0000,88118.0,0
2026-04-06T13:30:00+0000,89615.0,0
2026-04-06T13:40:00+0000,88592.0,0
2026-04-06T13:50:00+0000,89096.0,0
2026-04-06T14:00:00+0000,87510.0,0
2026-04-06T14:10:00+0000,88607.0,0
2026-04-06T14:20:00+0000,86786.0,0
2026-04-06T14:30:00+0000,86459.0,0
2026-04-06T14:40:00+0000,86756.0,0
2026-04-06T14:50:00+0000,84678.0,0
2026-04-06T15:00:00+0000,87708.0,0
2026-04-06T15:10:00+0000,85121.0,0
2026-04-06T15:20:00+0000,89922.0,0
2026-04-06T15:30:00+0000,88088.0,0
2026-04-06T15:40:00+0000,85970.0,0
2026-04-06T15:50:00+0000,87118.0,0
2026-04-06T16:00:00+0000,87407.0,0
2026-04-06T16:10:00+0000,88084.0,0
2026-04-06T16:20:00+0000,87036.0,0
2026-04-06T16:30:00+0000,87131.0,0
2026-04-06T16:40:00+0000,89058.0,0
2026-04-06T16:50:00+0000,87335.0,0
2026-04-06T17:00:00+0000,89117.0,0
2026-04-06T17:10:00+0000,86247.0,0
2026-04-06T17:20:00+0000,86044.0,0
2026-04-06T17:30:00+0000,89213.0,0
2026-04-06T17:40:00+0000,86062.0,0
2026-04-06T17:50:00+0000,87947.0,0
2026-04-06T18:00:00+0000,84277.0,0
2026-04-06T18:10:00+0000,85832.0,0
2026-04-06T18:20:00+0000,83266.0,0
2026-04-06T18:30:00+0000,83255.0,0
2026-04-06T18:40:00+0000,84890.0,0
2026-04-06T18:50:00+0000,85828.0,0
2026-04-06T19:00:00+0000,79293.0,0
2026-04-06T19:10:00+0000,76758.0,0
2026-04-06T19:20:00+0000,77653.0,0
2026-04-06T19:30:00+0000,81123.0,0
2026-04-06T19:40:00+0000,79301.0,0
2026-04-06T19:50:00+0000,80086.0,0
2026-04-06T20:00:00+0000,77512.0,0
2026-04-06T20:10:00+0000,79309.0,0
2026-04-06T20:20:00+0000,79800.0,0
2026-04-06T20:30:00+0000,81330.0,0
2026-04-06T20:40:00+0000,81109.0,0
2026-04-06T20:50:00+0000,79806.0,0
2026-04-06T21:00:00+0000,80894.0,0
2026-04-06T21:10:00+0000,79740.0,0
2026-04-06T21:20:00+0000,78161.0,0
2026-04-06T21:30:00+0000,78823.0,0
2026-04-06T21:40:00+0000,77845.0,0
2026-04-06T21:50:00+0000,79123.0,0
2026-04-06T22:00:00+0000,79282.0,0
2026-04-06T22:10:00+0000,80849.0,0
2026-04-06T22:20:00+0000,80559.0,0
2026-04-06T22:30:00+0000,81180.0,0
2026-04-06T22:40:00+0000,80799.0,0
2026-04-06T22:50:00+0000,78710.0,0
2026-04-06T23:00:00+0000,80131.0,0
2026-04-06T23:10:00+0000,79312.0,0
2026-04-06T23:20:00+0000,79877.0,0
2026-04-06T23:30:00+0000,79893.0,0
2026-04-06T23:40:00+0000,80166.0,0
2026-04-06T23:50:00+0000,79785.0,0
2026-04-07T00:00:00+0000,81540.0,0
2026-04-07T00:10:00+0000,79328.0,0
2026-04-07T00:20:00+0000,79999.0,0
2026-04-07T00:30:00+0000,78018.0,0
2026-04-07T00:40:00+0000,79294.0,0
2026-04-07T00:50:00+0000,77313.0,0
2026-04-07T01:00:00+0000,79559.0,0
2026-04-07T01:10:00+0000,79996.0,0
2026-04-07T01:20:00+0000,78892.0,0
2026-04-07T01:30:00+0000,78405.0,0
2026-04-07T01:40:00+0000,78283.0,0
2026-04-07T01:50:00+0000,81549.0,0
2026-04-07T02:00:00+0000,78335.0,0
2026-04-07T02:10:00+0000,77695.0,0
2026-04-07T02:20:00+0000,78347.0,0
2026-04-07T02:30:00+0000,79446.0,0
2026-04-07T02:40:00+0000,81345.0,0
2026-04-07T02:50:00+0000,80110.0,0
2026-04-07T03:00:00+0000,87768.0,0
2026-04-07T03:10:00+0000,89719.0,0
2026-04-07T03:20:00+0000,90127.0,0
2026-04-07T03:30:00+0000,88110.0,0
2026-04-07T03:40:00+0000,85627.0,0
2026-04-07T03:50:00+0000,87165.0,0
2026-04-07T04:00:00+0000,86442.0,0
2026-04-07T04:10:00+0000,87469.0,0
2026-04-07T04:20:00+0000,89396.0,0
2026-04-07T04:30:00+0000,90638.0,0
2026-04-07T04:40:00+0000,91421.0,0
2026-04-07T04:50:00+0000,90975.0,0
2026-04-07T05:00:00+0000,92533.0,0
2026-04-07T05:10:00+0000,91699.0,0
2026-04-07T05:20:00+0000,94460.0,0
2026-04-07T05:30:00+0000,93745.0,0
2026-04-07T05:40:00+0000,98717.0,0
2026-04-07T05:50:00+0000,104820.0,0
2026-04-07T06:00:00+0000,108880.0,0
2026-04-07T06:10:00+0000,115690.0,0
2026-04-07T06:20:00+0000,112190.0,0
2026-04-07T06:30:00+0000,118580.0,0
2026-04-07T06:40:00+0000,112950.0,0
2026-04-07T06:50:00+0000,115680.0,0
2026-04-07T07:00:00+0000,119990.0,0
2026-04-07T07:10:00+0000,125180.0,0
2026-04-07T07:20:00+0000,128080.0,0
2026-04-07T07:30:00+0000,127140.0,0
2026-04-07T07:40:00+0000,130050.0,0
2026-04-07T07:50:00+0000,133790.0,0
2026-04-07T08:00:00+0000,142830.0,0
2026-04-07T08:10:00+0000,142240.0,0
2026-04-07T08:20:00+0000,139730.0,0
2026-04-07T08:30:00+0000,140240.0,0
2026-04-07T08:40:00+0000,134540.0,0
2026-04-07T08:50:00+0000,146330.0,0
2026-04-07T09:00:00+0000,142970.0,0
2026-04-07T09:10:00+0000,144300.0,0
2026-04-07T09:20:00+0000,142670.0,0
2026-04-07T09:30:00+0000,148070.0,0
2026-04-07T09:40:00+0000,139590.0,0
2026-04-07T09:50:00+0000,147950.0,0
2026-04-07T10:00:00+0000,142390.0,0
2026-04-07T10:10:00+0000,136430.0,0
2026-04-07T10:20:00+0000,130150.0,0
2026-04-07T10:30:00+0000,131620.0,0
2026-04-07T10:40:00+0000,129150.0,0
2026-04-07T10:50:00+0000,129160.0,0
2026-04-07T11:00:00+0000,130990.0,0
2026-04-07T11:10:00+0000,131120.0,0
2026-04-07T11:20:00+0000,134190.0,0
2026-04-07T11:30:00+0000,136540.0,0
2026-04-07T11:40:00+0000,137840.0,0
2026-04-07T11:50:00+0000,142410.0,0
2026-04-07T12:00:00+0000,142920.0,0
2026-04-07T12:10:00+0000,141350.0,0
2026-04-07T12:20:00+0000,142030.0,0
2026-04-07T12:30:00+0000,141430.0,0
2026-04-07T12:40:00+0000,142500.0,0
2026-04-07T12:50:00+0000,141490.0,0
2026-04-07T13:00:00+0000,140790.0,0
2026-04-07T13:10:00+0000,143610.0,0
2026-04-07T13:20:00+0000,140250.0,0
2026-04-07T13:30:00+0000,136190.0,0
2026-04-07T13:40:00+0000,137620.0,0
2026-04-07T13:50:00+0000,137680.0,0
2026-04-07T14:00:00+0000,137730.0,0
2026-04-07T14:10:00+0000,136410.0,0
2026-04-07T14:20:00+0000,137850.0,0
2026-04-07T14:30:00+0000,132570.0,0
2026-04-07T14:40:00+0000,131300.0,0
2026-04-07T14:50:00+0000,131680.0,0
2026-04-07T15:00:00+0000,129330.0,0
2026-04-07T15:10:00+0000,127290.0,0
2026-04-07T15:20:00+0000,121750.0,0
2026-04-07T15:30:00+0000,119800.0,0
2026-04-07T15:40:00+0000,115110.0,0
2026-04-07T15:50:00+0000,113770.0,0
2026-04-07T16:00:00+0000,114100.0,0
2026-04-07T16:10:00+0000,111830.0,0
2026-04-07T16:20:00+0000,108980.0,0
2026-04-07T16:30:00+0000,106420.0,0
2026-04-07T16:40:00+0000,104320.0,0
2026-04-07T16:50:00+0000,105240.0,0
2026-04-07T17:00:00+0000,108030.0,0
2026-04-07T17:10:00+0000,105110.0,0
2026-04-07T17:20:00+0000,104050.0,0
2026-04-07T17:30:00+0000,103840.0,0
2026-04-07T17:40:00+0000,103910.0,0
2026-04-07T17:50:00+0000,102740.0,0
2026-04-07T18:00:00+0000,101030.0,0
2026-04-07T18:10:00+0000,97828.0,0
2026-04-07T18:20:00+0000,91101.0,0
2026-04-07T18:30:00+0000,90471.0,0
2026-04-07T18:40:00+0000,87656.0,0
2026-04-07T18:50:00+0000,84871.0,0
2026-04-07T19:00:00+0000,94616.0,0
2026-04-07T19:10:00+0000,90872.0,0
2026-04-07T19:20:00+0000,90721.0,0
2026-04-07T19:30:00+0000,88779.0,0
2026-04-07T19:40:00+0000,85994.0,0
2026-04-07T19:50:00+0000,89462.0,0
2026-04-07T20:00:00+0000,88731.0,0
2026-04-07T20:10:00+0000,87198.0,0
2026-04-07T20:20:00+0000,85478.0,0
2026-04-07T20:30:00+0000,86205.0,0
2026-04-07T20:40:00+0000,87211.0,0
2026-04-07T20:50:00+0000,85830.0,0
2026-04-07T21:00:00+0000,86875.0,0
2026-04-07T21:10:00+0000,88182.0,0
2026-04-07T21:20:00+0000,86849.0,0
2026-04-07T21:30:00+0000,87072.0,0
2026-04-07T21:40:00+0000,85000.0,0
2026-04-07T21:50:00+0000,83614.0,0
2026-04-07T22:00:00+0000,78991.0,0
2026-04-07T22:10:00+0000,78344.0,0
2026-04-07T22:20:00+0000,78434.0,0
2026-04-07T22:30:00+0000,77558.0,0
2026-04-07T22:40:00+0000,76967.0,0
2026-04-07T22:50:00+0000,78918.0,0
2026-04-07T23:00:00+0000,79128.0,0
2026-04-07T23:10:00+0000,77291.0,0
2026-04-07T23:20:00+0000,77807.0,0
2026-04-07T23:30:00+0000,78630.0,0
2026-04-07T23:40:00+0000,78065.0,0
2026-04-07T23:50:00+0000,78880.0,0
2026-04-08T00:00:00+0000,78887.0,0
2026-04-08T00:10:00+0000,77915.0,0
2026-04-08T00:20:00+0000,78055.0,0
2026-04-08T00:30:00+0000,76692.0,0
2026-04-08T00:40:00+0000,76221.0,0
2026-04-08T00:50:00+0000,77382.0,0
2026-04-08T01:00:00+0000,78386.0,0
2026-04-08T01:10:00+0000,79862.0,0
2026-04-08T01:20:00+0000,79264.0,0
2026-04-08T01:30:00+0000,78970.0,0
2026-04-08T01:40:00+0000,79581.0,0
2026-04-08T01:50:00+0000,78366.0,0
2026-04-08T02:00:00+0000,79409.0,0
2026-04-08T02:10:00+0000,79223.0,0
2026-04-08T02:20:00+0000,77394.0,0
2026-04-08T02:30:00+0000,79387.0,0
2026-04-08T02:40:00+0000,80029.0,0
2026-04-08T02:50:00+0000,80695.0,0
2026-04-08T03:00:00+0000,89115.0,0
2026-04-08T03:10:00+0000,90288.0,0
2026-04-08T03:20:00+0000,93204.0,0
2026-04-08T03:30:00+0000,88796.0,0
2026-04-08T03:40:00+0000,89125.0,0
2026-04-08T03:50:00+0000,87514.0,0
2026-04-08T04:00:00+0000,90734.0,0
2026-04-08T04:10:00+0000,91990.0,0
2026-04-08T04:20:00+0000,94179.0,0
2026-04-08T04:30:00+0000,93047.0,0
2026-04-08T04:40:00+0000,90892.0,0
2026-04-08T04:50:00+0000,91436.0,0
2026-04-08T05:00:00+0000,92514.0,0
2026-04-08T05:10:00+0000,97815.0,0
2026-04-08T05:20:00+0000,99579.0,0
2026-04-08T05:30:00+0000,99537.0,0
2026-04-08T05:40:00+0000,106980.0,0
2026-04-08T05:50:00+0000,107780.0,0
2026-04-08T06:00:00+0000,117150.0,0
2026-04-08T06:10:00+0000,118100.0,0
2026-04-08T06:20:00+0000,117080.0,0
2026-04-08T06:30:00+0000,117490.0,0
2026-04-08T06:40:00+0000,120940.0,0
2026-04-08T06:50:00+0000,120920.0,0
2026-04-08T07:00:00+0000,126710.0,0
2026-04-08T07:10:00+0000,131580.0,0
2026-04-08T07:20:00+0000,131520.0,0
2026-04-08T07:30:00+0000,131670.0,0
2026-04-08T07:40:00+0000,142620.0,0
2026-04-08T07:50:00+0000,143210.0,0
2026-04-08T08:00:00+0000,145310.0,0
2026-04-08T08:10:00+0000,142730.0,0
2026-04-08T08:20:00+0000,142580.0,0
2026-04-08T08:30:00+0000,140600.0,0
2026-04-08T08:40:00+0000,140420.0,0
2026-04-08T08:50:00+0000,149040.0,0
2026-04-08T09:00:00+0000,144890.0,0
2026-04-08T09:10:00+0000,145680.0,0
2026-04-08T09:20:00+0000,144200.0,0
2026-04-08T09:30:00+0000,146390.0,0
2026-04-08T09:40:00+0000,142550.0,0
2026-04-08T09:50:00+0000,149990.0,0
2026-04-08T10:00:00+0000,140510.0,0
2026-04-08T10:10:00+0000,130190.0,0
2026-04-08T10:20:00+0000,136280.0,0
2026-04-08T10:30:00+0000,126160.0,0
2026-04-08T10:40:00+0000,132810.0,0
2026-04-08T10:50:00+0000,131740.0,0
2026-04-08T11:00:00+0000,142100.0,0
2026-04-08T11:10:00+0000,139690.0,0
2026-04-08T11:20:00+0000,140360.0,0
2026-04-08T11:30:00+0000,138530.0,0
2026-04-08T11:40:00+0000,136850.0,0
2026-04-08T11:50:00+0000,137890.0,0
2026-04-08T12:00:00+0000,140570.0,0
2026-04-08T12:10:00+0000,139960.0,0
2026-04-08T12:20:00+0000,140280.0,0
2026-04-08T12:30:00+0000,137410.0,0
2026-04-08T12:40:00+0000,136410.0,0
2026-04-08T12:50:00+0000,134520.0,0
2026-04-08T13:00:00+0000,133500.0,0
2026-04-08T13:10:00+0000,136090.0,0
2026-04-08T13:20:00+0000,134320.0,0
2026-04-08T13:30:00+0000,135570.0,0
2026-04-08T13:40:00+0000,134220.0,0
2026-04-08T13:50:00+0000,134880.0,0
2026-04-08T14:00:00+0000,135970.0,0
2026-04-08T14:10:00+0000,133400.0,0
2026-04-08T14:20:00+0000,135240.0,0
2026-04-08T14:30:00+0000,132190.0,0
2026-04-08T14:40:00+0000,126790.0,0
2026-04-08T14:50:00+0000,125580.0,0
2026-04-08T15:00:00+0000,126220.0,0
2026-04-08T15:10:00+0000,128120.0,0
2026-04-08T15:20:00+0000,124770.0,0
2026-04-08T15:30:00+0000,121480.0,0
2026-04-08T15:40:00+0000,119780.0,0
2026-04-08T15:50:00+0000,115290.0,0
2026-04-08T16:00:00+0000,115350.0,0
2026-04-08T16:10:00+0000,117010.0,0
2026-04-08T16:20:00+0000,114240.0,0
2026-04-08T16:30:00+0000,112970.0,0
2026-04-08T16:40:00+0000,110620.0,0
2026-04-08T16:50:00+0000,111490.0,0
2026-04-08T17:00:00+0000,108220.0,0
2026-04-08T17:10:00+0000,105710.0,0
2026-04-08T17:20:00+0000,103770.0,0
2026-04-08T17:30:00+0000,101760.0,0
2026-04-08T17:40:00+0000,99573.0,0
2026-04-08T17:50:00+0000,98837.0,0
2026-04-08T18:00:00+0000,97386.0,0
2026-04-08T18:10:00+0000,99223.0,0
2026-04-08T18:20:00+0000,96056.0,0
2026-04-08T18:30:00+0000,96564.0,0
2026-04-08T18:40:00+0000,97177.0,0
2026-04-08T18:50:00+0000,94770.0,0
2026-04-08T19:00:00+0000,93941.0,0
2026-04-08T19:10:00+0000,93963.0,0
2026-04-08T19:20:00+0000,95133.0,0
2026-04-08T19:30:00+0000,96079.0,0
2026-04-08T19:40:00+0000,93829.0,0
2026-04-08T19:50:00+0000,92736.0,0
2026-04-08T20:00:00+0000,91799.0,0
2026-04-08T20:10:00+0000,93489.0,0
2026-04-08T20:20:00+0000,89646.0,0
2026-04-08T20:30:00+0000,96481.0,0
2026-04-08T20:40:00+0000,94068.0,0
2026-04-08T20:50:00+0000,90940.0,0
2026-04-08T21:00:00+0000,89245.0,0
2026-04-08T21:10:00+0000,92137.0,0
2026-04-08T21:20:00+0000,89852.0,0
2026-04-08T21:30:00+0000,91189.0,0
2026-04-08T21:40:00+0000,88934.0,0
2026-04-08T21:50:00+0000,88532.0,0
2026-04-08T22:00:00+0000,94405.0,0
2026-04-08T22:10:00+0000,97948.0,0
2026-04-08T22:20:00+0000,93718.0,0
2026-04-08T22:30:00+0000,87495.0,0
2026-04-08T22:40:00+0000,86023.0,0
2026-04-08T22:50:00+0000,85885.0,0
2026-04-08T23:00:00+0000,86837.0,0
2026-04-08T23:10:00+0000,84232.0,0
2026-04-08T23:20:00+0000,85982.0,0
2026-04-08T23:30:00+0000,77875.0,0
2026-04-08T23:40:00+0000,76050.0,0
2026-04-08T23:50:00+0000,78033.0,0
2026-04-09T00:00:00+0000,77710.0,0
2026-04-09T00:10:00+0000,78585.0,0
2026-04-09T00:20:00+0000,79306.0,0
2026-04-09T00:30:00+0000,78890.0,0
2026-04-09T00:40:00+0000,80472.0,0
2026-04-09T00:50:00+0000,73690.0,0
2026-04-09T01:00:00+0000,71874.0,0
2026-04-09T01:10:00+0000,79131.0,0
2026-04-09T01:20:00+0000,77425.0,0
2026-04-09T01:30:00+0000,80366.0,0
2026-04-09T01:40:00+0000,77898.0,0
2026-04-09T01:50:00+0000,76525.0,0
2026-04-09T02:00:00+0000,78215.0,0
2026-04-09T02:10:00+0000,77551.0,0
2026-04-09T02:20:00+0000,78839.0,0
2026-04-09T02:30:00+0000,78646.0,0
2026-04-09T02:40:00+0000,80928.0,0
2026-04-09T02:50:00+0000,79889.0,0
2026-04-09T03:00:00+0000,83363.0,0
2026-04-09T03:10:00+0000,85905.0,0
2026-04-09T03:20:00+0000,92333.0,0
2026-04-09T03:30:00+0000,87734.0,0
2026-04-09T03:40:00+0000,87935.0,0
2026-04-09T03:50:00+0000,87156.0,0
2026-04-09T04:00:00+0000,91255.0,0
2026-04-09T04:10:00+0000,92693.0,0
2026-04-09T04:20:00+0000,93757.0,0
2026-04-09T04:30:00+0000,89439.0,0
2026-04-09T04:40:00+0000,85085.0,0
2026-04-09T04:50:00+0000,95613.0,0
2026-04-09T05:00:00+0000,94193.0,0
2026-04-09T05:10:00+0000,100540.0,0
2026-04-09T05:20:00+0000,103350.0,0
2026-04-09T05:30:00+0000,103930.0,0
2026-04-09T05:40:00+0000,114770.0,0
2026-04-09T05:50:00+0000,121340.0,0
2026-04-09T06:00:00+0000,120810.0,0
2026-04-09T06:10:00+0000,120100.0,0
2026-04-09T06:20:00+0000,121220.0,0
2026-04-09T06:30:00+0000,123210.0,0
2026-04-09T06:40:00+0000,125750.0,0
2026-04-09T06:50:00+0000,127400.0,0
2026-04-09T07:00:00+0000,128820.0,0
2026-04-09T07:10:00+0000,130960.0,0
2026-04-09T07:20:00+0000,131660.0,0
2026-04-09T07:30:00+0000,134940.0,0
2026-04-09T07:40:00+0000,143150.0,0
2026-04-09T07:50:00+0000,141600.0,0
2026-04-09T08:00:00+0000,149540.0,0
2026-04-09T08:10:00+0000,147130.0,0
2026-04-09T08:20:00+0000,144730.0,0
2026-04-09T08:30:00+0000,149470.0,0
2026-04-09T08:40:00+0000,148990.0,0
2026-04-09T08:50:00+0000,152260.0,0
2026-04-09T09:00:00+0000,147470.0,0
2026-04-09T09:10:00+0000,148460.0,0
2026-04-09T09:20:00+0000,143660.0,0
2026-04-09T09:30:00+0000,144880.0,0
2026-04-09T09:40:00+0000,149570.0,0
2026-04-09T09:50:00+0000,140930.0,0
2026-04-09T10:00:00+0000,136990.0,0
2026-04-09T10:10:00+0000,128650.0,0
2026-04-09T10:20:00+0000,120360.0,0
2026-04-09T10:30:00+0000,123190.0,0
2026-04-09T10:40:00+0000,121910.0,0
2026-04-09T10:50:00+0000,123920.0,0
2026-04-09T11:00:00+0000,124540.0,0
2026-04-09T11:10:00+0000,124680.0,0
2026-04-09T11:20:00+0000,128120.0,0
2026-04-09T11:30:00+0000,127670.0,0
2026-04-09T11:40:00+0000,127090.0,0
2026-04-09T11:50:00+0000,131420.0,0
2026-04-09T12:00:00+0000,129180.0,0
2026-04-09T12:10:00+0000,133420.0,0
2026-04-09T12:20:00+0000,133560.0,0
2026-04-09T12:30:00+0000,134280.0,0
2026-04-09T12:40:00+0000,138060.0,0
2026-04-09T12:50:00+0000,135660.0,0
2026-04-09T13:00:00+0000,138820.0,0
2026-04-09T13:10:00+0000,140630.0,0
2026-04-09T13:20:00+0000,138450.0,0
2026-04-09T13:30:00+0000,135330.0,0
2026-04-09T13:40:00+0000,134290.0,0
2026-04-09T13:50:00+0000,135800.0,0
2026-04-09T14:00:00+0000,138650.0,0
2026-04-09T14:10:00+0000,139760.0,0
2026-04-09T14:20:00+0000,136160.0,0
2026-04-09T14:30:00+0000,135470.0,0
2026-04-09T14:40:00+0000,130430.0,0
2026-04-09T14:50:00+0000,130120.0,0
2026-04-09T15:00:00+0000,130710.0,0
2026-04-09T15:10:00+0000,128260.0,0
2026-04-09T15:20:00+0000,125930.0,0
2026-04-09T15:30:00+0000,125180.0,0
2026-04-09T15:40:00+0000,120790.0,0
2026-04-09T15:50:00+0000,117670.0,0
2026-04-09T16:00:00+0000,120620.0,0
2026-04-09T16:10:00+0000,114390.0,0
2026-04-09T16:20:00+0000,114720.0,0
2026-04-09T16:30:00+0000,110950.0,0
2026-04-09T16:40:00+0000,108400.0,0
2026-04-09T16:50:00+0000,110010.0,0
2026-04-09T17:00:00+0000,110910.0,0
2026-04-09T17:10:00+0000,107580.0,0
2026-04-09T17:20:00+0000,105320.0,0
2026-04-09T17:30:00+0000,103660.0,0
2026-04-09T17:40:00+0000,103050.0,0
2026-04-09T17:50:00+0000,101020.0,0
2026-04-09T18:00:00+0000,98229.0,0
2026-04-09T18:10:00+0000,98159.0,0
2026-04-09T18:20:00+0000,98595.0,0
2026-04-09T18:30:00+0000,96097.0,0
2026-04-09T18:40:00+0000,95456.0,0
2026-04-09T18:50:00+0000,93064.0,0
2026-04-09T19:00:00+0000,85840.0,0
2026-04-09T19:10:00+0000,86320.0,0
2026-04-09T19:20:00+0000,82883.0,0
2026-04-09T19:30:00+0000,86059.0,0
2026-04-09T19:40:00+0000,88872.0,0
2026-04-09T19:50:00+0000,85841.0,0
2026-04-09T20:00:00+0000,87664.0,0
2026-04-09T20:10:00+0000,84224.0,0
2026-04-09T20:20:00+0000,84331.0,0
2026-04-09T20:30:00+0000,84917.0,0
2026-04-09T20:40:00+0000,86616.0,0
2026-04-09T20:50:00+0000,83834.0,0
2026-04-09T21:00:00+0000,82138.0,0
2026-04-09T21:10:00+0000,80039.0,0
2026-04-09T21:20:00+0000,79996.0,0
2026-04-09T21:30:00+0000,79055.0,0
2026-04-09T21:40:00+0000,75306.0,0
2026-04-09T21:50:00+0000,75287.0,0
2026-04-09T22:00:00+0000,52370.0,3
2026-04-09T22:10:00+0000,52370.0,3
2026-04-09T22:20:00+0000,52370.0,3
2026-04-09T22:30:00+0000,52370.0,3
2026-04-09T22:40:00+0000,52370.0,3
2026-04-09T22:50:00+0000,52370.0,3
2026-04-09T23:00:00+0000,46193.0,3
2026-04-09T23:10:00+0000,46193.0,3
2026-04-09T23:20:00+0000,46193.0,3
2026-04-09T23:30:00+0000,46193.0,3
2026-04-09T23:40:00+0000,46193.0,3
2026-04-09T23:50:00+0000,46193.0,3
2026-04-10T00:00:00+0000,43975.0,3
2026-04-10T00:10:00+0000,43975.0,3
2026-04-10T00:20:00+0000,43975.0,3
2026-04-10T00:30:00+0000,43975.0,3
2026-04-10T00:40:00+0000,43975.0,3
2026-04-10T00:50:00+0000,43975.0,3
2026-04-10T01:00:00+0000,44302.5,3
2026-04-10T01:10:00+0000,44302.5,3
2026-04-10T01:20:00+0000,44302.5,3
2026-04-10T01:30:00+0000,44302.5,3
2026-04-10T01:40:00+0000,44302.5,3
2026-04-10T01:50:00+0000,44302.5,3
2026-04-10T02:00:00+0000,43283.0,3
2026-04-10T02:10:00+0000,43283.0,3
2026-04-10T02:20:00+0000,43283.0,3
2026-04-10T02:30:00+0000,43283.0,3
2026-04-10T02:40:00+0000,43283.0,3
2026-04-10T02:50:00+0000,43283.0,3
2026-04-10T03:00:00+0000,43368.0,3
2026-04-10T03:10:00+0000,43368.0,3
2026-04-10T03:20:00+0000,43368.0,3
2026-04-10T03:30:00+0000,43368.0,3
2026-04-10T03:40:00+0000,43368.0,3
2026-04-10T03:50:00+0000,43368.0,3
2026-04-10T04:00:00+0000,47564.0,3
2026-04-10T04:10:00+0000,47564.0,3
2026-04-10T04:20:00+0000,47564.0,3
2026-04-10T04:30:00+0000,47564.0,3
2026-04-10T04:40:00+0000,47564.0,3
2026-04-10T04:50:00+0000,47564.0,3
2026-04-10T05:00:00+0000,59833.0,3
2026-04-10T05:10:00+0000,59833.0,3
2026-04-10T05:20:00+0000,59833.0,3
2026-04-10T05:30:00+0000,59833.0,3
2026-04-10T05:40:00+0000,59833.0,3
2026-04-10T05:50:00+0000,59833.0,3
2026-04-10T06:00:00+0000,70745.0,3
2026-04-10T06:10:00+0000,70745.0,3
2026-04-10T06:20:00+0000,70745.0,3
2026-04-10T06:30:00+0000,70745.0,3
2026-04-10T06:40:00+0000,70745.0,3
2026-04-10T06:50:00+0000,70745.0,3
2026-04-10T07:00:00+0000,80289.0,3
2026-04-10T07:10:00+0000,80289.0,3
2026-04-10T07:20:00+0000,80289.0,3
2026-04-10T07:30:00+0000,80289.0,3
2026-04-10T07:40:00+0000,80289.0,3
2026-04-10T07:50:00+0000,80289.0,3
2026-04-10T08:00:00+0000,104099.5,3
2026-04-10T08:10:00+0000,104099.5,3
2026-04-10T08:20:00+0000,104099.5,3
2026-04-10T08:30:00+0000,104099.5,3
2026-04-10T08:40:00+0000,104099.5,3
2026-04-10T08:50:00+0000,104099.5,3
2026-04-10T09:00:00+0000,123606.0,3
2026-04-10T09:10:00+0000,123606.0,3
2026-04-10T09:20:00+0000,123606.0,3
2026-04-10T09:30:00+0000,123606.0,3
2026-04-10T09:40:00+0000,123606.0,3
2026-04-10T09:50:00+0000,123606.0,3
2026-04-10T10:00:00+0000,122131.0,3
2026-04-10T10:10:00+0000,122131.0,3
2026-04-10T10:20:00+0000,122131.0,3
2026-04-10T10:30:00+0000,122131.0,3
2026-04-10T10:40:00+0000,122131.0,3
2026-04-10T10:50:00+0000,122131.0,3
2026-04-10T11:00:00+0000,125766.5,3
2026-04-10T11:10:00+0000,125766.5,3
2026-04-10T11:20:00+0000,125766.5,3
2026-04-10T11:30:00+0000,125766.5,3
2026-04-10T11:40:00+0000,125766.5,3
2026-04-10T11:50:00+0000,125766.5,3
2026-04-10T12:00:00+0000,111480.5,3
2026-04-10T12:10:00+0000,111480.5,3
2026-04-10T12:20:00+0000,111480.5,3
2026-04-10T12:30:00+0000,111480.5,3
2026-04-10T12:40:00+0000,111480.5,3
2026-04-10T12:50:00+0000,111480.5,3
2026-04-10T13:00:00+0000,109166.5,3
2026-04-10T13:10:00+0000,109166.5,3
2026-04-10T13:20:00+0000,109166.5,3
2026-04-10T13:30:00+0000,109166.5,3
2026-04-10T13:40:00+0000,109166.5,3
2026-04-10T13:50:00+0000,109166.5,3
2026-04-10T14:00:00+0000,116051.5,3
2026-04-10T14:10:00+0000,116051.5,3
2026-04-10T14:20:00+0000,116051.5,3
2026-04-10T14:30:00+0000,116051.5,3
2026-04-10T14:40:00+0000,116051.5,3
2026-04-10T14:50:00+0000,116051.5,3
2026-04-10T15:00:00+0000,116208.5,3
2026-04-10T15:10:00+0000,116208.5,3
2026-04-10T15:20:00+0000,116208.5,3
2026-04-10T15:30:00+0000,116208.5,3
2026-04-10T15:40:00+0000,116208.5,3
2026-04-10T15:50:00+0000,116208.5,3
2026-04-10T16:00:00+0000,110478.0,3
2026-04-10T16:10:00+0000,110478.0,3
2026-04-10T16:20:00+0000,110478.0,3
2026-04-10T16:30:00+0000,110478.0,3
2026-04-10T16:40:00+0000,110478.0,3
2026-04-10T16:50:00+0000,110478.0,3
2026-04-10T17:00:00+0000,95433.5,3
2026-04-10T17:10:00+0000,95433.5,3
2026-04-10T17:20:00+0000,95433.5,3
2026-04-10T17:30:00+0000,95433.5,3
2026-04-10T17:40:00+0000,95433.5,3
2026-04-10T17:50:00+0000,95433.5,3
2026-04-10T18:00:00+0000,84708.0,3
2026-04-10T18:10:00+0000,84708.0,3
2026-04-10T18:20:00+0000,84708.0,3
2026-04-10T18:30:00+0000,84708.0,3
2026-04-10T18:40:00+0000,84708.0,3
2026-04-10T18:50:00+0000,84708.0,3
2026-04-10T19:00:00+0000,77065.5,3
2026-04-10T19:10:00+0000,77065.5,3
2026-04-10T19:20:00+0000,77065.5,3
2026-04-10T19:30:00+0000,77065.5,3
2026-04-10T19:40:00+0000,77065.5,3
2026-04-10T19:50:00+0000,77065.5,3
2026-04-10T20:00:00+0000,70343.5,3
2026-04-10T20:10:00+0000,70343.5,3
2026-04-10T20:20:00+0000,70343.5,3
2026-04-10T20:30:00+0000,70343.5,3
2026-04-10T20:40:00+0000,70343.5,3
2026-04-10T20:50:00+0000,70343.5,3
2026-04-10T21:00:00+0000,64020.0,3
2026-04-10T21:10:00+0000,64020.0,3
2026-04-10T21:20:00+0000,64020.0,3
2026-04-10T21:30:00+0000,64020.0,3
2026-04-10T21:40:00+0000,64020.0,3
2026-04-10T21:50:00+0000,64020.0,3
2026-04-10T22:00:00+0000,54653.0,3
2026-04-10T22:10:00+0000,54653.0,3
2026-04-10T22:20:00+0000,54653.0,3
2026-04-10T22:30:00+0000,54653.0,3
2026-04-10T22:40:00+0000,54653.0,3
2026-04-10T22:50:00+0000,54653.0,3
2026-04-10T23:00:00+0000,45015.5,3
2026-04-10T23:10:00+0000,45015.5,3
2026-04-10T23:20:00+0000,45015.5,3
2026-04-10T23:30:00+0000,45015.5,3
2026-04-10T23:40:00+0000,45015.5,3
2026-04-10T23:50:00+0000,45015.5,3
2026-04-11T00:00:00+0000,43415.5,3
2026-04-11T00:10:00+0000,43415.5,3
2026-04-11T00:20:00+0000,43415.5,3
2026-04-11T00:30:00+0000,43415.5,3
2026-04-11T00:40:00+0000,43415.5,3
2026-04-11T00:50:00+0000,43415.5,3
2026-04-11T01:00:00+0000,42202.0,3
2026-04-11T01:10:00+0000,42202.0,3
2026-04-11T01:20:00+0000,42202.0,3
2026-04-11T01:30:00+0000,42202.0,3
2026-04-11T01:40:00+0000,42202.0,3
2026-04-11T01:50:00+0000,42202.0,3
2026-04-11T02:00:00+0000,42241.5,3
2026-04-11T02:10:00+0000,42241.5,3
2026-04-11T02:20:00+0000,42241.5,3
2026-04-11T02:30:00+0000,42241.5,3
2026-04-11T02:40:00+0000,42241.5,3
2026-04-11T02:50:00+0000,42241.5,3
2026-04-11T03:00:00+0000,40769.0,3
2026-04-11T03:10:00+0000,40769.0,3
2026-04-11T03:20:00+0000,40769.0,3
2026-04-11T03:30:00+0000,40769.0,3
2026-04-11T03:40:00+0000,40769.0,3
2026-04-11T03:50:00+0000,40769.0,3
2026-04-11T04:00:00+0000,42879.0,3
2026-04-11T04:10:00+0000,42879.0,3
2026-04-11T04:20:00+0000,42879.0,3
2026-04-11T04:30:00+0000,42879.0,3
2026-04-11T04:40:00+0000,42879.0,3
2026-04-11T04:50:00+0000,42879.0,3
2026-04-11T05:00:00+0000,46591.5,3
2026-04-11T05:10:00+0000,46591.5,3
2026-04-11T05:20:00+0000,46591.5,3
2026-04-11T05:30:00+0000,46591.5,3
2026-04-11T05:40:00+0000,46591.5,3
2026-04-11T05:50:00+0000,46591.5,3
2026-04-11T06:00:00+0000,48569.0,3
2026-04-11T06:10:00+0000,48569.0,3
2026-04-11T06:20:00+0000,48569.0,3
2026-04-11T06:30:00+0000,48569.0,3
2026-04-11T06:40:00+0000,48569.0,3
2026-04-11T06:50:00+0000,48569.0,3
2026-04-11T07:00:00+0000,53943.5,3
2026-04-11T07:10:00+0000,53943.5,3
2026-04-11T07:20:00+0000,53943.5,3
2026-04-11T07:30:00+0000,53943.5,3
2026-04-11T07:40:00+0000,53943.5,3
2026-04-11T07:50:00+0000,53943.5,3
2026-04-11T08:00:00+0000,57667.0,3
2026-04-11T08:10:00+0000,57667.0,3
2026-04-11T08:20:00+0000,57667.0,3
2026-04-11T08:30:00+0000,57667.0,3
2026-04-11T08:40:00+0000,57667.0,3
2026-04-11T08:50:00+0000,57667.0,3
2026-04-11T09:00:00+0000,59256.0,3
2026-04-11T09:10:00+0000,59256.0,3
2026-04-11T09:20:00+0000,59256.0,3
2026-04-11T09:30:00+0000,59256.0,3
2026-04-11T09:40:00+0000,59256.0,3
2026-04-11T09:50:00+0000,59256.0,3
2026-04-11T10:00:00+0000,60615.5,3
2026-04-11T10:10:00+0000,60615.5,3
2026-04-11T10:20:00+0000,60615.5,3
2026-04-11T10:30:00+0000,60615.5,3
2026-04-11T10:40:00+0000,60615.5,3
2026-04-11T10:50:00+0000,60615.5,3
2026-04-11T11:00:00+0000,59185.0,3
2026-04-11T11:10:00+0000,59185.0,3
2026-04-11T11:20:00+0000,59185.0,3
2026-04-11T11:30:00+0000,59185.0,3
2026-04-11T11:40:00+0000,59185.0,3
2026-04-11T11:50:00+0000,59185.0,3
2026-04-11T12:00:00+0000,56948.0,3
2026-04-11T12:10:00+0000,56948.0,3
2026-04-11T12:20:00+0000,56948.0,3
2026-04-11T12:30:00+0000,56948.0,3
2026-04-11T12:40:00+0000,56948.0,3
2026-04-11T12:50:00+0000,56948.0,3
2026-04-11T13:00:00+0000,54270.0,3
2026-04-11T13:10:00+0000,54270.0,3
2026-04-11T13:20:00+0000,54270.0,3
2026-04-11T13:30:00+0000,54270.0,3
2026-04-11T13:40:00+0000,54270.0,3
2026-04-11T13:50:00+0000,54270.0,3
2026-04-11T14:00:00+0000,56783.5,3
2026-04-11T14:10:00+0000,56783.5,3
2026-04-11T14:20:00+0000,56783.5,3
2026-04-11T14:30:00+0000,56783.5,3
2026-04-11T14:40:00+0000,56783.5,3
2026-04-11T14:50:00+0000,56783.5,3
2026-04-11T15:00:00+0000,56696.5,3
2026-04-11T15:10:00+0000,56696.5,3
2026-04-11T15:20:00+0000,56696.5,3
2026-04-11T15:30:00+0000,56696.5,3
2026-04-11T15:40:00+0000,56696.5,3
2026-04-11T15:50:00+0000,56696.5,3
2026-04-11T16:00:00+0000,59857.0,3
2026-04-11T16:10:00+0000,59857.0,3
2026-04-11T16:20:00+0000,59857.0,3
2026-04-11T16:30:00+0000,59857.0,3
2026-04-11T16:40:00+0000,59857.0,3
2026-04-11T16:50:00+0000,59857.0,3
2026-04-11T17:00:00+0000,63838.5,3
2026-04-11T17:10:00+0000,63838.5,3
2026-04-11T17:20:00+0000,63838.5,3
2026-04-11T17:30:00+0000,63838.5,3
2026-04-11T17:40:00+0000,63838.5,3
2026-04-11T17:50:00+0000,63838.5,3
2026-04-11T18:00:00+0000,61187.0,3
2026-04-11T18:10:00+0000,61187.0,3
2026-04-11T18:20:00+0000,61187.0,3
2026-04-11T18:30:00+0000,61187.0,3
2026-04-11T18:40:00+0000,61187.0,3
2026-04-11T18:50:00+0000,61187.0,3
2026-04-11T19:00:00+0000,60751.0,3
2026-04-11T19:10:00+0000,60751.0,3
2026-04-11T19:20:00+0000,60751.0,3
2026-04-11T19:30:00+0000,60751.0,3
2026-04-11T19:40:00+0000,60751.0,3
2026-04-11T19:50:00+0000,60751.0,3
2026-04-11T20:00:00+0000,64899.0,3
2026-04-11T20:10:00+0000,64899.0,3
2026-04-11T20:20:00+0000,64899.0,3
2026-04-11T20:30:00+0000,64899.0,3
2026-04-11T20:40:00+0000,64899.0,3
2026-04-11T20:50:00+0000,64899.0,3
2026-04-11T21:00:00+0000,63952.0,3
2026-04-11T21:10:00+0000,63952.0,3
2026-04-11T21:20:00+0000,63952.0,3
2026-04-11T21:30:00+0000,63952.0,3
2026-04-11T21:40:00+0000,63952.0,3
2026-04-11T21:50:00+0000,63952.0,3
2026-04-11T22:00:00+0000,80640.0,0
2026-04-11T22:10:00+0000,77082.0,0
2026-04-11T22:20:00+0000,77409.0,0
2026-04-11T22:30:00+0000,79227.0,0
2026-04-11T22:40:00+0000,77921.0,0
2026-04-11T22:50:00+0000,78493.0,0
2026-04-11T23:00:00+0000,78042.0,0
2026-04-11T23:10:00+0000,77375.0,0
2026-04-11T23:20:00+0000,78044.0,0
2026-04-11T23:30:00+0000,78092.0,0
2026-04-11T23:40:00+0000,78239.0,0
2026-04-11T23:50:00+0000,77458.0,0
2026-04-12T00:00:00+0000,76253.0,0
2026-04-12T00:10:00+0000,77875.0,0
2026-04-12T00:20:00+0000,76507.0,0
2026-04-12T00:30:00+0000,77090.0,0
2026-04-12T00:40:00+0000,76711.0,0
2026-04-12T00:50:00+0000,77119.0,0
2026-04-12T01:00:00+0000,80440.0,0
2026-04-12T01:10:00+0000,79551.0,0
2026-04-12T01:20:00+0000,78291.0,0
2026-04-12T01:30:00+0000,79205.0,0
2026-04-12T01:40:00+0000,77514.0,0
2026-04-12T01:50:00+0000,79508.0,0
2026-04-12T02:00:00+0000,78517.0,0
2026-04-12T02:10:00+0000,77363.0,0
2026-04-12T02:20:00+0000,79009.0,0
2026-04-12T02:30:00+0000,79526.0,0
2026-04-12T02:40:00+0000,79617.0,0
2026-04-12T02:50:00+0000,77905.0,0
2026-04-12T03:00:00+0000,81173.0,0
2026-04-12T03:10:00+0000,78311.0,0
2026-04-12T03:20:00+0000,79747.0,0
2026-04-12T03:30:00+0000,78228.0,0
2026-04-12T03:40:00+0000,76396.0,0
2026-04-12T03:50:00+0000,78121.0,0
2026-04-12T04:00:00+0000,77613.0,0
2026-04-12T04:10:00+0000,77558.0,0
2026-04-12T04:20:00+0000,80729.0,0
2026-04-12T04:30:00+0000,79863.0,0
2026-04-12T04:40:00+0000,80154.0,0
2026-04-12T04:50:00+0000,77665.0,0
2026-04-12T05:00:00+0000,78543.0,0
2026-04-12T05:10:00+0000,78721.0,0
2026-04-12T05:20:00+0000,78825.0,0
2026-04-12T05:30:00+0000,80383.0,0
2026-04-12T05:40:00+0000,78867.0,0
2026-04-12T05:50:00+0000,79645.0,0
2026-04-12T06:00:00+0000,79425.0,0
2026-04-12T06:10:00+0000,79460.0,0
2026-04-12T06:20:00+0000,77659.0,0
2026-04-12T06:30:00+0000,77510.0,0
2026-04-12T06:40:00+0000,80518.0,0
2026-04-12T06:50:00+0000,79050.0,0
2026-04-12T07:00:00+0000,77643.0,0
2026-04-12T07:10:00+0000,80408.0,0
2026-04-12T07:20:00+0000,78755.0,0
2026-04-12T07:30:00+0000,80784.0,0
2026-04-12T07:40:00+0000,79679.0,0
2026-04-12T07:50:00+0000,79302.0,0
2026-04-12T08:00:00+0000,80641.0,0
2026-04-12T08:10:00+0000,79634.0,0
2026-04-12T08:20:00+0000,78748.0,0
2026-04-12T08:30:00+0000,78243.0,0
2026-04-12T08:40:00+0000,78670.0,0
2026-04-12T08:50:00+0000,81358.0,0
2026-04-12T09:00:00+0000,79486.0,0
2026-04-12T09:10:00+0000,80040.0,0
2026-04-12T09:20:00+0000,79729.0,0
2026-04-12T09:30:00+0000,79039.0,0
2026-04-12T09:40:00+0000,80446.0,0
2026-04-12T09:50:00+0000,79819.0,0
2026-04-12T10:00:00+0000,81887.0,0
2026-04-12T10:10:00+0000,82037.0,0
2026-04-12T10:20:00+0000,80912.0,0
2026-04-12T10:30:00+0000,81051.0,0
2026-04-12T10:40:00+0000,79808.0,0
2026-04-12T10:50:00+0000,81540.0,0
2026-04-12T11:00:00+0000,79920.0,0
2026-04-12T11:10:00+0000,79671.0,0
2026-04-12T11:20:00+0000,81258.0,0
2026-04-12T11:30:00+0000,80437.0,0
2026-04-12T11:40:00+0000,80122.0,0
2026-04-12T11:50:00+0000,80106.0,0
2026-04-12T12:00:00+0000,79598.0,0
2026-04-12T12:10:00+0000,80305.0,0
2026-04-12T12:20:00+0000,80313.0,0
2026-04-12T12:30:00+0000,81125.0,0
2026-04-12T12:40:00+0000,81193.0,0
2026-04-12T12:50:00+0000,78788.0,0
2026-04-12T13:00:00+0000,79004.0,0
2026-04-12T13:10:00+0000,79096.0,0
2026-04-12T13:20:00+0000,78350.0,0
2026-04-12T13:30:00+0000,80047.0,0
2026-04-12T13:40:00+0000,78817.0,0
2026-04-12T13:50:00+0000,78806.0,0
2026-04-12T14:00:00+0000,79521.0,0
2026-04-12T14:10:00+0000,79015.0,0
2026-04-12T14:20:00+0000,80003.0,0
2026-04-12T14:30:00+0000,79485.0,0
2026-04-12T14:40:00+0000,79955.0,0
2026-04-12T14:50:00+0000,82428.0,0
2026-04-12T15:00:00+0000,79696.0,0
2026-04-12T15:10:00+0000,79478.0,0
2026-04-12T15:20:00+0000,78872.0,0
2026-04-12T15:30:00+0000,77760.0,0
2026-04-12T15:40:00+0000,80949.0,0
2026-04-12T15:50:00+0000,79733.0,0
2026-04-12T16:00:00+0000,80151.0,0
2026-04-12T16:10:00+0000,80454.0,0
2026-04-12T16:20:00+0000,80492.0,0
2026-04-12T16:30:00+0000,81406.0,0
2026-04-12T16:40:00+0000,79593.0,0
2026-04-12T16:50:00+0000,80481.0,0
2026-04-12T17:00:00+0000,80564.0,0
2026-04-12T17:10:00+0000,78374.0,0
2026-04-12T17:20:00+0000,78519.0,0
2026-04-12T17:30:00+0000,77852.0,0
2026-04-12T17:40:00+0000,77626.0,0
2026-04-12T17:50:00+0000,80440.0,0
2026-04-12T18:00:00+0000,79981.0,0
2026-04-12T18:10:00+0000,80805.0,0
2026-04-12T18:20:00+0000,80101.0,0
2026-04-12T18:30:00+0000,80187.0,0
2026-04-12T18:40:00+0000,81318.0,0
2026-04-12T18:50:00+0000,80243.0,0
2026-04-12T19:00:00+0000,80844.0,0
2026-04-12T19:10:00+0000,79738.0,0
2026-04-12T19:20:00+0000,77865.0,0
2026-04-12T19:30:00+0000,80992.0,0
2026-04-12T19:40:00+0000,79216.0,0
2026-04-12T19:50:00+0000,79118.0,0
2026-04-12T20:00:00+0000,80033.0,0
2026-04-12T20:10:00+0000,79703.0,0
2026-04-12T20:20:00+0000,81385.0,0
2026-04-12T20:30:00+0000,79641.0,0
2026-04-12T20:40:00+0000,79652.0,0
2026-04-12T20:50:00+0000,81354.0,0
2026-04-12T21:00:00+0000,80550.0,0
2026-04-12T21:10:00+0000,79309.0,0
2026-04-12T21:20:00+0000,78264.0,0
2026-04-12T21:30:00+0000,76312.0,0
2026-04-12T21:40:00+0000,78064.0,0
2026-04-12T21:50:00+0000,76309.0,0
2026-04-12T22:00:00+0000,78821.0,0
2026-04-12T22:10:00+0000,77210.0,0
2026-04-12T22:20:00+0000,77942.0,0
2026-04-12T22:30:00+0000,81017.0,0
2026-04-12T22:40:00+0000,79424.0,0
2026-04-12T22:50:00+0000,81011.0,0
2026-04-12T23:00:00+0000,80415.0,0
2026-04-12T23:10:00+0000,82567.0,0
2026-04-12T23:20:00+0000,81742.0,0
2026-04-12T23:30:00+0000,78366.0,0
2026-04-12T23:40:00+0000,77306.0,0
2026-04-12T23:50:00+0000,77882.0,0
